model,split,condition,actual_author,predicted_author,count
nearest_centroid,validation,original,austen,austen,7
nearest_centroid,validation,original,austen,dickens,0
nearest_centroid,validation,original,austen,poe,0
nearest_centroid,validation,original,austen,shelley,1
nearest_centroid,validation,original,austen,twain,0
nearest_centroid,validation,original,austen,wilde,1
nearest_centroid,validation,original,dickens,austen,1
nearest_centroid,validation,original,dickens,dickens,8
nearest_centroid,validation,original,dickens,poe,0
nearest_centroid,validation,original,dickens,shelley,0
nearest_centroid,validation,original,dickens,twain,0
nearest_centroid,validation,original,dickens,wilde,0
nearest_centroid,validation,original,poe,austen,0
nearest_centroid,validation,original,poe,dickens,0
nearest_centroid,validation,original,poe,poe,7
nearest_centroid,validation,original,poe,shelley,2
nearest_centroid,validation,original,poe,twain,0
nearest_centroid,validation,original,poe,wilde,0
nearest_centroid,validation,original,shelley,austen,0
nearest_centroid,validation,original,shelley,dickens,0
nearest_centroid,validation,original,shelley,poe,1
nearest_centroid,validation,original,shelley,shelley,8
nearest_centroid,validation,original,shelley,twain,0
nearest_centroid,validation,original,shelley,wilde,0
nearest_centroid,validation,original,twain,austen,1
nearest_centroid,validation,original,twain,dickens,1
nearest_centroid,validation,original,twain,poe,2
nearest_centroid,validation,original,twain,shelley,0
nearest_centroid,validation,original,twain,twain,2
nearest_centroid,validation,original,twain,wilde,3
nearest_centroid,validation,original,wilde,austen,0
nearest_centroid,validation,original,wilde,dickens,3
nearest_centroid,validation,original,wilde,poe,0
nearest_centroid,validation,original,wilde,shelley,1
nearest_centroid,validation,original,wilde,twain,2
nearest_centroid,validation,original,wilde,wilde,3
nearest_centroid,validation,paraphrase,austen,austen,5
nearest_centroid,validation,paraphrase,austen,dickens,0
nearest_centroid,validation,paraphrase,austen,poe,0
nearest_centroid,validation,paraphrase,austen,shelley,4
nearest_centroid,validation,paraphrase,austen,twain,0
nearest_centroid,validation,paraphrase,austen,wilde,0
nearest_centroid,validation,paraphrase,dickens,austen,0
nearest_centroid,validation,paraphrase,dickens,dickens,2
nearest_centroid,validation,paraphrase,dickens,poe,0
nearest_centroid,validation,paraphrase,dickens,shelley,1
nearest_centroid,validation,paraphrase,dickens,twain,0
nearest_centroid,validation,paraphrase,dickens,wilde,6
nearest_centroid,validation,paraphrase,poe,austen,0
nearest_centroid,validation,paraphrase,poe,dickens,0
nearest_centroid,validation,paraphrase,poe,poe,4
nearest_centroid,validation,paraphrase,poe,shelley,5
nearest_centroid,validation,paraphrase,poe,twain,0
nearest_centroid,validation,paraphrase,poe,wilde,0
nearest_centroid,validation,paraphrase,shelley,austen,0
nearest_centroid,validation,paraphrase,shelley,dickens,0
nearest_centroid,validation,paraphrase,shelley,poe,1
nearest_centroid,validation,paraphrase,shelley,shelley,8
nearest_centroid,validation,paraphrase,shelley,twain,0
nearest_centroid,validation,paraphrase,shelley,wilde,0
nearest_centroid,validation,paraphrase,twain,austen,1
nearest_centroid,validation,paraphrase,twain,dickens,2
nearest_centroid,validation,paraphrase,twain,poe,2
nearest_centroid,validation,paraphrase,twain,shelley,0
nearest_centroid,validation,paraphrase,twain,twain,0
nearest_centroid,validation,paraphrase,twain,wilde,4
nearest_centroid,validation,paraphrase,wilde,austen,0
nearest_centroid,validation,paraphrase,wilde,dickens,1
nearest_centroid,validation,paraphrase,wilde,poe,0
nearest_centroid,validation,paraphrase,wilde,shelley,1
nearest_centroid,validation,paraphrase,wilde,twain,0
nearest_centroid,validation,paraphrase,wilde,wilde,7
nearest_centroid,validation,modernize,austen,austen,7
nearest_centroid,validation,modernize,austen,dickens,0
nearest_centroid,validation,modernize,austen,poe,0
nearest_centroid,validation,modernize,austen,shelley,1
nearest_centroid,validation,modernize,austen,twain,0
nearest_centroid,validation,modernize,austen,wilde,1
nearest_centroid,validation,modernize,dickens,austen,1
nearest_centroid,validation,modernize,dickens,dickens,3
nearest_centroid,validation,modernize,dickens,poe,0
nearest_centroid,validation,modernize,dickens,shelley,0
nearest_centroid,validation,modernize,dickens,twain,0
nearest_centroid,validation,modernize,dickens,wilde,5
nearest_centroid,validation,modernize,poe,austen,0
nearest_centroid,validation,modernize,poe,dickens,0
nearest_centroid,validation,modernize,poe,poe,4
nearest_centroid,validation,modernize,poe,shelley,4
nearest_centroid,validation,modernize,poe,twain,0
nearest_centroid,validation,modernize,poe,wilde,1
nearest_centroid,validation,modernize,shelley,austen,0
nearest_centroid,validation,modernize,shelley,dickens,0
nearest_centroid,validation,modernize,shelley,poe,1
nearest_centroid,validation,modernize,shelley,shelley,8
nearest_centroid,validation,modernize,shelley,twain,0
nearest_centroid,validation,modernize,shelley,wilde,0
nearest_centroid,validation,modernize,twain,austen,1
nearest_centroid,validation,modernize,twain,dickens,2
nearest_centroid,validation,modernize,twain,poe,2
nearest_centroid,validation,modernize,twain,shelley,0
nearest_centroid,validation,modernize,twain,twain,1
nearest_centroid,validation,modernize,twain,wilde,3
nearest_centroid,validation,modernize,wilde,austen,0
nearest_centroid,validation,modernize,wilde,dickens,2
nearest_centroid,validation,modernize,wilde,poe,0
nearest_centroid,validation,modernize,wilde,shelley,1
nearest_centroid,validation,modernize,wilde,twain,1
nearest_centroid,validation,modernize,wilde,wilde,5
nearest_centroid,validation,simplify,austen,austen,9
nearest_centroid,validation,simplify,austen,dickens,0
nearest_centroid,validation,simplify,austen,poe,0
nearest_centroid,validation,simplify,austen,shelley,0
nearest_centroid,validation,simplify,austen,twain,0
nearest_centroid,validation,simplify,austen,wilde,0
nearest_centroid,validation,simplify,dickens,austen,2
nearest_centroid,validation,simplify,dickens,dickens,0
nearest_centroid,validation,simplify,dickens,poe,0
nearest_centroid,validation,simplify,dickens,shelley,0
nearest_centroid,validation,simplify,dickens,twain,0
nearest_centroid,validation,simplify,dickens,wilde,7
nearest_centroid,validation,simplify,poe,austen,0
nearest_centroid,validation,simplify,poe,dickens,1
nearest_centroid,validation,simplify,poe,poe,1
nearest_centroid,validation,simplify,poe,shelley,5
nearest_centroid,validation,simplify,poe,twain,0
nearest_centroid,validation,simplify,poe,wilde,2
nearest_centroid,validation,simplify,shelley,austen,0
nearest_centroid,validation,simplify,shelley,dickens,0
nearest_centroid,validation,simplify,shelley,poe,1
nearest_centroid,validation,simplify,shelley,shelley,7
nearest_centroid,validation,simplify,shelley,twain,0
nearest_centroid,validation,simplify,shelley,wilde,1
nearest_centroid,validation,simplify,twain,austen,1
nearest_centroid,validation,simplify,twain,dickens,1
nearest_centroid,validation,simplify,twain,poe,2
nearest_centroid,validation,simplify,twain,shelley,0
nearest_centroid,validation,simplify,twain,twain,1
nearest_centroid,validation,simplify,twain,wilde,4
nearest_centroid,validation,simplify,wilde,austen,1
nearest_centroid,validation,simplify,wilde,dickens,1
nearest_centroid,validation,simplify,wilde,poe,0
nearest_centroid,validation,simplify,wilde,shelley,0
nearest_centroid,validation,simplify,wilde,twain,1
nearest_centroid,validation,simplify,wilde,wilde,6
nearest_centroid,test,original,austen,austen,9
nearest_centroid,test,original,austen,dickens,0
nearest_centroid,test,original,austen,poe,0
nearest_centroid,test,original,austen,shelley,0
nearest_centroid,test,original,austen,twain,0
nearest_centroid,test,original,austen,wilde,0
nearest_centroid,test,original,dickens,austen,1
nearest_centroid,test,original,dickens,dickens,6
nearest_centroid,test,original,dickens,poe,0
nearest_centroid,test,original,dickens,shelley,0
nearest_centroid,test,original,dickens,twain,0
nearest_centroid,test,original,dickens,wilde,2
nearest_centroid,test,original,poe,austen,0
nearest_centroid,test,original,poe,dickens,1
nearest_centroid,test,original,poe,poe,6
nearest_centroid,test,original,poe,shelley,2
nearest_centroid,test,original,poe,twain,0
nearest_centroid,test,original,poe,wilde,0
nearest_centroid,test,original,shelley,austen,0
nearest_centroid,test,original,shelley,dickens,0
nearest_centroid,test,original,shelley,poe,1
nearest_centroid,test,original,shelley,shelley,8
nearest_centroid,test,original,shelley,twain,0
nearest_centroid,test,original,shelley,wilde,0
nearest_centroid,test,original,twain,austen,0
nearest_centroid,test,original,twain,dickens,1
nearest_centroid,test,original,twain,poe,0
nearest_centroid,test,original,twain,shelley,0
nearest_centroid,test,original,twain,twain,7
nearest_centroid,test,original,twain,wilde,1
nearest_centroid,test,original,wilde,austen,0
nearest_centroid,test,original,wilde,dickens,0
nearest_centroid,test,original,wilde,poe,2
nearest_centroid,test,original,wilde,shelley,1
nearest_centroid,test,original,wilde,twain,0
nearest_centroid,test,original,wilde,wilde,6
nearest_centroid,test,paraphrase,austen,austen,8
nearest_centroid,test,paraphrase,austen,dickens,0
nearest_centroid,test,paraphrase,austen,poe,0
nearest_centroid,test,paraphrase,austen,shelley,1
nearest_centroid,test,paraphrase,austen,twain,0
nearest_centroid,test,paraphrase,austen,wilde,0
nearest_centroid,test,paraphrase,dickens,austen,0
nearest_centroid,test,paraphrase,dickens,dickens,2
nearest_centroid,test,paraphrase,dickens,poe,0
nearest_centroid,test,paraphrase,dickens,shelley,1
nearest_centroid,test,paraphrase,dickens,twain,0
nearest_centroid,test,paraphrase,dickens,wilde,6
nearest_centroid,test,paraphrase,poe,austen,0
nearest_centroid,test,paraphrase,poe,dickens,1
nearest_centroid,test,paraphrase,poe,poe,3
nearest_centroid,test,paraphrase,poe,shelley,5
nearest_centroid,test,paraphrase,poe,twain,0
nearest_centroid,test,paraphrase,poe,wilde,0
nearest_centroid,test,paraphrase,shelley,austen,0
nearest_centroid,test,paraphrase,shelley,dickens,0
nearest_centroid,test,paraphrase,shelley,poe,1
nearest_centroid,test,paraphrase,shelley,shelley,7
nearest_centroid,test,paraphrase,shelley,twain,0
nearest_centroid,test,paraphrase,shelley,wilde,1
nearest_centroid,test,paraphrase,twain,austen,3
nearest_centroid,test,paraphrase,twain,dickens,1
nearest_centroid,test,paraphrase,twain,poe,0
nearest_centroid,test,paraphrase,twain,shelley,0
nearest_centroid,test,paraphrase,twain,twain,0
nearest_centroid,test,paraphrase,twain,wilde,5
nearest_centroid,test,paraphrase,wilde,austen,0
nearest_centroid,test,paraphrase,wilde,dickens,0
nearest_centroid,test,paraphrase,wilde,poe,1
nearest_centroid,test,paraphrase,wilde,shelley,4
nearest_centroid,test,paraphrase,wilde,twain,0
nearest_centroid,test,paraphrase,wilde,wilde,4
nearest_centroid,test,modernize,austen,austen,9
nearest_centroid,test,modernize,austen,dickens,0
nearest_centroid,test,modernize,austen,poe,0
nearest_centroid,test,modernize,austen,shelley,0
nearest_centroid,test,modernize,austen,twain,0
nearest_centroid,test,modernize,austen,wilde,0
nearest_centroid,test,modernize,dickens,austen,1
nearest_centroid,test,modernize,dickens,dickens,2
nearest_centroid,test,modernize,dickens,poe,0
nearest_centroid,test,modernize,dickens,shelley,0
nearest_centroid,test,modernize,dickens,twain,0
nearest_centroid,test,modernize,dickens,wilde,6
nearest_centroid,test,modernize,poe,austen,0
nearest_centroid,test,modernize,poe,dickens,1
nearest_centroid,test,modernize,poe,poe,4
nearest_centroid,test,modernize,poe,shelley,4
nearest_centroid,test,modernize,poe,twain,0
nearest_centroid,test,modernize,poe,wilde,0
nearest_centroid,test,modernize,shelley,austen,0
nearest_centroid,test,modernize,shelley,dickens,0
nearest_centroid,test,modernize,shelley,poe,1
nearest_centroid,test,modernize,shelley,shelley,7
nearest_centroid,test,modernize,shelley,twain,0
nearest_centroid,test,modernize,shelley,wilde,1
nearest_centroid,test,modernize,twain,austen,0
nearest_centroid,test,modernize,twain,dickens,2
nearest_centroid,test,modernize,twain,poe,0
nearest_centroid,test,modernize,twain,shelley,0
nearest_centroid,test,modernize,twain,twain,3
nearest_centroid,test,modernize,twain,wilde,4
nearest_centroid,test,modernize,wilde,austen,0
nearest_centroid,test,modernize,wilde,dickens,0
nearest_centroid,test,modernize,wilde,poe,1
nearest_centroid,test,modernize,wilde,shelley,2
nearest_centroid,test,modernize,wilde,twain,0
nearest_centroid,test,modernize,wilde,wilde,6
nearest_centroid,test,simplify,austen,austen,9
nearest_centroid,test,simplify,austen,dickens,0
nearest_centroid,test,simplify,austen,poe,0
nearest_centroid,test,simplify,austen,shelley,0
nearest_centroid,test,simplify,austen,twain,0
nearest_centroid,test,simplify,austen,wilde,0
nearest_centroid,test,simplify,dickens,austen,1
nearest_centroid,test,simplify,dickens,dickens,2
nearest_centroid,test,simplify,dickens,poe,0
nearest_centroid,test,simplify,dickens,shelley,0
nearest_centroid,test,simplify,dickens,twain,0
nearest_centroid,test,simplify,dickens,wilde,6
nearest_centroid,test,simplify,poe,austen,0
nearest_centroid,test,simplify,poe,dickens,1
nearest_centroid,test,simplify,poe,poe,4
nearest_centroid,test,simplify,poe,shelley,4
nearest_centroid,test,simplify,poe,twain,0
nearest_centroid,test,simplify,poe,wilde,0
nearest_centroid,test,simplify,shelley,austen,2
nearest_centroid,test,simplify,shelley,dickens,0
nearest_centroid,test,simplify,shelley,poe,1
nearest_centroid,test,simplify,shelley,shelley,3
nearest_centroid,test,simplify,shelley,twain,0
nearest_centroid,test,simplify,shelley,wilde,3
nearest_centroid,test,simplify,twain,austen,1
nearest_centroid,test,simplify,twain,dickens,0
nearest_centroid,test,simplify,twain,poe,0
nearest_centroid,test,simplify,twain,shelley,0
nearest_centroid,test,simplify,twain,twain,2
nearest_centroid,test,simplify,twain,wilde,6
nearest_centroid,test,simplify,wilde,austen,0
nearest_centroid,test,simplify,wilde,dickens,0
nearest_centroid,test,simplify,wilde,poe,1
nearest_centroid,test,simplify,wilde,shelley,2
nearest_centroid,test,simplify,wilde,twain,0
nearest_centroid,test,simplify,wilde,wilde,6
diagonal_gaussian_nb,validation,original,austen,austen,8
diagonal_gaussian_nb,validation,original,austen,dickens,0
diagonal_gaussian_nb,validation,original,austen,poe,0
diagonal_gaussian_nb,validation,original,austen,shelley,1
diagonal_gaussian_nb,validation,original,austen,twain,0
diagonal_gaussian_nb,validation,original,austen,wilde,0
diagonal_gaussian_nb,validation,original,dickens,austen,0
diagonal_gaussian_nb,validation,original,dickens,dickens,9
diagonal_gaussian_nb,validation,original,dickens,poe,0
diagonal_gaussian_nb,validation,original,dickens,shelley,0
diagonal_gaussian_nb,validation,original,dickens,twain,0
diagonal_gaussian_nb,validation,original,dickens,wilde,0
diagonal_gaussian_nb,validation,original,poe,austen,0
diagonal_gaussian_nb,validation,original,poe,dickens,0
diagonal_gaussian_nb,validation,original,poe,poe,7
diagonal_gaussian_nb,validation,original,poe,shelley,1
diagonal_gaussian_nb,validation,original,poe,twain,1
diagonal_gaussian_nb,validation,original,poe,wilde,0
diagonal_gaussian_nb,validation,original,shelley,austen,0
diagonal_gaussian_nb,validation,original,shelley,dickens,0
diagonal_gaussian_nb,validation,original,shelley,poe,1
diagonal_gaussian_nb,validation,original,shelley,shelley,8
diagonal_gaussian_nb,validation,original,shelley,twain,0
diagonal_gaussian_nb,validation,original,shelley,wilde,0
diagonal_gaussian_nb,validation,original,twain,austen,1
diagonal_gaussian_nb,validation,original,twain,dickens,4
diagonal_gaussian_nb,validation,original,twain,poe,0
diagonal_gaussian_nb,validation,original,twain,shelley,0
diagonal_gaussian_nb,validation,original,twain,twain,3
diagonal_gaussian_nb,validation,original,twain,wilde,1
diagonal_gaussian_nb,validation,original,wilde,austen,0
diagonal_gaussian_nb,validation,original,wilde,dickens,5
diagonal_gaussian_nb,validation,original,wilde,poe,0
diagonal_gaussian_nb,validation,original,wilde,shelley,1
diagonal_gaussian_nb,validation,original,wilde,twain,0
diagonal_gaussian_nb,validation,original,wilde,wilde,3
diagonal_gaussian_nb,validation,paraphrase,austen,austen,6
diagonal_gaussian_nb,validation,paraphrase,austen,dickens,0
diagonal_gaussian_nb,validation,paraphrase,austen,poe,0
diagonal_gaussian_nb,validation,paraphrase,austen,shelley,2
diagonal_gaussian_nb,validation,paraphrase,austen,twain,0
diagonal_gaussian_nb,validation,paraphrase,austen,wilde,1
diagonal_gaussian_nb,validation,paraphrase,dickens,austen,0
diagonal_gaussian_nb,validation,paraphrase,dickens,dickens,2
diagonal_gaussian_nb,validation,paraphrase,dickens,poe,1
diagonal_gaussian_nb,validation,paraphrase,dickens,shelley,1
diagonal_gaussian_nb,validation,paraphrase,dickens,twain,0
diagonal_gaussian_nb,validation,paraphrase,dickens,wilde,5
diagonal_gaussian_nb,validation,paraphrase,poe,austen,0
diagonal_gaussian_nb,validation,paraphrase,poe,dickens,0
diagonal_gaussian_nb,validation,paraphrase,poe,poe,6
diagonal_gaussian_nb,validation,paraphrase,poe,shelley,2
diagonal_gaussian_nb,validation,paraphrase,poe,twain,0
diagonal_gaussian_nb,validation,paraphrase,poe,wilde,1
diagonal_gaussian_nb,validation,paraphrase,shelley,austen,0
diagonal_gaussian_nb,validation,paraphrase,shelley,dickens,0
diagonal_gaussian_nb,validation,paraphrase,shelley,poe,4
diagonal_gaussian_nb,validation,paraphrase,shelley,shelley,4
diagonal_gaussian_nb,validation,paraphrase,shelley,twain,0
diagonal_gaussian_nb,validation,paraphrase,shelley,wilde,1
diagonal_gaussian_nb,validation,paraphrase,twain,austen,0
diagonal_gaussian_nb,validation,paraphrase,twain,dickens,3
diagonal_gaussian_nb,validation,paraphrase,twain,poe,2
diagonal_gaussian_nb,validation,paraphrase,twain,shelley,0
diagonal_gaussian_nb,validation,paraphrase,twain,twain,0
diagonal_gaussian_nb,validation,paraphrase,twain,wilde,4
diagonal_gaussian_nb,validation,paraphrase,wilde,austen,0
diagonal_gaussian_nb,validation,paraphrase,wilde,dickens,3
diagonal_gaussian_nb,validation,paraphrase,wilde,poe,0
diagonal_gaussian_nb,validation,paraphrase,wilde,shelley,0
diagonal_gaussian_nb,validation,paraphrase,wilde,twain,0
diagonal_gaussian_nb,validation,paraphrase,wilde,wilde,6
diagonal_gaussian_nb,validation,modernize,austen,austen,7
diagonal_gaussian_nb,validation,modernize,austen,dickens,1
diagonal_gaussian_nb,validation,modernize,austen,poe,0
diagonal_gaussian_nb,validation,modernize,austen,shelley,1
diagonal_gaussian_nb,validation,modernize,austen,twain,0
diagonal_gaussian_nb,validation,modernize,austen,wilde,0
diagonal_gaussian_nb,validation,modernize,dickens,austen,0
diagonal_gaussian_nb,validation,modernize,dickens,dickens,5
diagonal_gaussian_nb,validation,modernize,dickens,poe,0
diagonal_gaussian_nb,validation,modernize,dickens,shelley,0
diagonal_gaussian_nb,validation,modernize,dickens,twain,0
diagonal_gaussian_nb,validation,modernize,dickens,wilde,4
diagonal_gaussian_nb,validation,modernize,poe,austen,0
diagonal_gaussian_nb,validation,modernize,poe,dickens,2
diagonal_gaussian_nb,validation,modernize,poe,poe,4
diagonal_gaussian_nb,validation,modernize,poe,shelley,3
diagonal_gaussian_nb,validation,modernize,poe,twain,0
diagonal_gaussian_nb,validation,modernize,poe,wilde,0
diagonal_gaussian_nb,validation,modernize,shelley,austen,0
diagonal_gaussian_nb,validation,modernize,shelley,dickens,0
diagonal_gaussian_nb,validation,modernize,shelley,poe,1
diagonal_gaussian_nb,validation,modernize,shelley,shelley,8
diagonal_gaussian_nb,validation,modernize,shelley,twain,0
diagonal_gaussian_nb,validation,modernize,shelley,wilde,0
diagonal_gaussian_nb,validation,modernize,twain,austen,1
diagonal_gaussian_nb,validation,modernize,twain,dickens,3
diagonal_gaussian_nb,validation,modernize,twain,poe,2
diagonal_gaussian_nb,validation,modernize,twain,shelley,0
diagonal_gaussian_nb,validation,modernize,twain,twain,2
diagonal_gaussian_nb,validation,modernize,twain,wilde,1
diagonal_gaussian_nb,validation,modernize,wilde,austen,0
diagonal_gaussian_nb,validation,modernize,wilde,dickens,4
diagonal_gaussian_nb,validation,modernize,wilde,poe,0
diagonal_gaussian_nb,validation,modernize,wilde,shelley,1
diagonal_gaussian_nb,validation,modernize,wilde,twain,1
diagonal_gaussian_nb,validation,modernize,wilde,wilde,3
diagonal_gaussian_nb,validation,simplify,austen,austen,9
diagonal_gaussian_nb,validation,simplify,austen,dickens,0
diagonal_gaussian_nb,validation,simplify,austen,poe,0
diagonal_gaussian_nb,validation,simplify,austen,shelley,0
diagonal_gaussian_nb,validation,simplify,austen,twain,0
diagonal_gaussian_nb,validation,simplify,austen,wilde,0
diagonal_gaussian_nb,validation,simplify,dickens,austen,1
diagonal_gaussian_nb,validation,simplify,dickens,dickens,4
diagonal_gaussian_nb,validation,simplify,dickens,poe,0
diagonal_gaussian_nb,validation,simplify,dickens,shelley,0
diagonal_gaussian_nb,validation,simplify,dickens,twain,0
diagonal_gaussian_nb,validation,simplify,dickens,wilde,4
diagonal_gaussian_nb,validation,simplify,poe,austen,0
diagonal_gaussian_nb,validation,simplify,poe,dickens,3
diagonal_gaussian_nb,validation,simplify,poe,poe,1
diagonal_gaussian_nb,validation,simplify,poe,shelley,3
diagonal_gaussian_nb,validation,simplify,poe,twain,0
diagonal_gaussian_nb,validation,simplify,poe,wilde,2
diagonal_gaussian_nb,validation,simplify,shelley,austen,0
diagonal_gaussian_nb,validation,simplify,shelley,dickens,0
diagonal_gaussian_nb,validation,simplify,shelley,poe,1
diagonal_gaussian_nb,validation,simplify,shelley,shelley,7
diagonal_gaussian_nb,validation,simplify,shelley,twain,0
diagonal_gaussian_nb,validation,simplify,shelley,wilde,1
diagonal_gaussian_nb,validation,simplify,twain,austen,1
diagonal_gaussian_nb,validation,simplify,twain,dickens,3
diagonal_gaussian_nb,validation,simplify,twain,poe,1
diagonal_gaussian_nb,validation,simplify,twain,shelley,0
diagonal_gaussian_nb,validation,simplify,twain,twain,2
diagonal_gaussian_nb,validation,simplify,twain,wilde,2
diagonal_gaussian_nb,validation,simplify,wilde,austen,1
diagonal_gaussian_nb,validation,simplify,wilde,dickens,0
diagonal_gaussian_nb,validation,simplify,wilde,poe,0
diagonal_gaussian_nb,validation,simplify,wilde,shelley,0
diagonal_gaussian_nb,validation,simplify,wilde,twain,1
diagonal_gaussian_nb,validation,simplify,wilde,wilde,7
diagonal_gaussian_nb,test,original,austen,austen,9
diagonal_gaussian_nb,test,original,austen,dickens,0
diagonal_gaussian_nb,test,original,austen,poe,0
diagonal_gaussian_nb,test,original,austen,shelley,0
diagonal_gaussian_nb,test,original,austen,twain,0
diagonal_gaussian_nb,test,original,austen,wilde,0
diagonal_gaussian_nb,test,original,dickens,austen,1
diagonal_gaussian_nb,test,original,dickens,dickens,8
diagonal_gaussian_nb,test,original,dickens,poe,0
diagonal_gaussian_nb,test,original,dickens,shelley,0
diagonal_gaussian_nb,test,original,dickens,twain,0
diagonal_gaussian_nb,test,original,dickens,wilde,0
diagonal_gaussian_nb,test,original,poe,austen,0
diagonal_gaussian_nb,test,original,poe,dickens,0
diagonal_gaussian_nb,test,original,poe,poe,6
diagonal_gaussian_nb,test,original,poe,shelley,2
diagonal_gaussian_nb,test,original,poe,twain,1
diagonal_gaussian_nb,test,original,poe,wilde,0
diagonal_gaussian_nb,test,original,shelley,austen,0
diagonal_gaussian_nb,test,original,shelley,dickens,1
diagonal_gaussian_nb,test,original,shelley,poe,2
diagonal_gaussian_nb,test,original,shelley,shelley,6
diagonal_gaussian_nb,test,original,shelley,twain,0
diagonal_gaussian_nb,test,original,shelley,wilde,0
diagonal_gaussian_nb,test,original,twain,austen,0
diagonal_gaussian_nb,test,original,twain,dickens,3
diagonal_gaussian_nb,test,original,twain,poe,0
diagonal_gaussian_nb,test,original,twain,shelley,0
diagonal_gaussian_nb,test,original,twain,twain,6
diagonal_gaussian_nb,test,original,twain,wilde,0
diagonal_gaussian_nb,test,original,wilde,austen,0
diagonal_gaussian_nb,test,original,wilde,dickens,0
diagonal_gaussian_nb,test,original,wilde,poe,0
diagonal_gaussian_nb,test,original,wilde,shelley,3
diagonal_gaussian_nb,test,original,wilde,twain,0
diagonal_gaussian_nb,test,original,wilde,wilde,6
diagonal_gaussian_nb,test,paraphrase,austen,austen,7
diagonal_gaussian_nb,test,paraphrase,austen,dickens,0
diagonal_gaussian_nb,test,paraphrase,austen,poe,0
diagonal_gaussian_nb,test,paraphrase,austen,shelley,0
diagonal_gaussian_nb,test,paraphrase,austen,twain,0
diagonal_gaussian_nb,test,paraphrase,austen,wilde,2
diagonal_gaussian_nb,test,paraphrase,dickens,austen,0
diagonal_gaussian_nb,test,paraphrase,dickens,dickens,3
diagonal_gaussian_nb,test,paraphrase,dickens,poe,0
diagonal_gaussian_nb,test,paraphrase,dickens,shelley,1
diagonal_gaussian_nb,test,paraphrase,dickens,twain,0
diagonal_gaussian_nb,test,paraphrase,dickens,wilde,5
diagonal_gaussian_nb,test,paraphrase,poe,austen,1
diagonal_gaussian_nb,test,paraphrase,poe,dickens,0
diagonal_gaussian_nb,test,paraphrase,poe,poe,5
diagonal_gaussian_nb,test,paraphrase,poe,shelley,3
diagonal_gaussian_nb,test,paraphrase,poe,twain,0
diagonal_gaussian_nb,test,paraphrase,poe,wilde,0
diagonal_gaussian_nb,test,paraphrase,shelley,austen,0
diagonal_gaussian_nb,test,paraphrase,shelley,dickens,0
diagonal_gaussian_nb,test,paraphrase,shelley,poe,3
diagonal_gaussian_nb,test,paraphrase,shelley,shelley,5
diagonal_gaussian_nb,test,paraphrase,shelley,twain,0
diagonal_gaussian_nb,test,paraphrase,shelley,wilde,1
diagonal_gaussian_nb,test,paraphrase,twain,austen,2
diagonal_gaussian_nb,test,paraphrase,twain,dickens,4
diagonal_gaussian_nb,test,paraphrase,twain,poe,0
diagonal_gaussian_nb,test,paraphrase,twain,shelley,0
diagonal_gaussian_nb,test,paraphrase,twain,twain,0
diagonal_gaussian_nb,test,paraphrase,twain,wilde,3
diagonal_gaussian_nb,test,paraphrase,wilde,austen,0
diagonal_gaussian_nb,test,paraphrase,wilde,dickens,0
diagonal_gaussian_nb,test,paraphrase,wilde,poe,1
diagonal_gaussian_nb,test,paraphrase,wilde,shelley,3
diagonal_gaussian_nb,test,paraphrase,wilde,twain,0
diagonal_gaussian_nb,test,paraphrase,wilde,wilde,5
diagonal_gaussian_nb,test,modernize,austen,austen,7
diagonal_gaussian_nb,test,modernize,austen,dickens,1
diagonal_gaussian_nb,test,modernize,austen,poe,0
diagonal_gaussian_nb,test,modernize,austen,shelley,0
diagonal_gaussian_nb,test,modernize,austen,twain,0
diagonal_gaussian_nb,test,modernize,austen,wilde,1
diagonal_gaussian_nb,test,modernize,dickens,austen,1
diagonal_gaussian_nb,test,modernize,dickens,dickens,7
diagonal_gaussian_nb,test,modernize,dickens,poe,0
diagonal_gaussian_nb,test,modernize,dickens,shelley,0
diagonal_gaussian_nb,test,modernize,dickens,twain,0
diagonal_gaussian_nb,test,modernize,dickens,wilde,1
diagonal_gaussian_nb,test,modernize,poe,austen,0
diagonal_gaussian_nb,test,modernize,poe,dickens,1
diagonal_gaussian_nb,test,modernize,poe,poe,2
diagonal_gaussian_nb,test,modernize,poe,shelley,6
diagonal_gaussian_nb,test,modernize,poe,twain,0
diagonal_gaussian_nb,test,modernize,poe,wilde,0
diagonal_gaussian_nb,test,modernize,shelley,austen,0
diagonal_gaussian_nb,test,modernize,shelley,dickens,1
diagonal_gaussian_nb,test,modernize,shelley,poe,3
diagonal_gaussian_nb,test,modernize,shelley,shelley,5
diagonal_gaussian_nb,test,modernize,shelley,twain,0
diagonal_gaussian_nb,test,modernize,shelley,wilde,0
diagonal_gaussian_nb,test,modernize,twain,austen,0
diagonal_gaussian_nb,test,modernize,twain,dickens,5
diagonal_gaussian_nb,test,modernize,twain,poe,0
diagonal_gaussian_nb,test,modernize,twain,shelley,0
diagonal_gaussian_nb,test,modernize,twain,twain,4
diagonal_gaussian_nb,test,modernize,twain,wilde,0
diagonal_gaussian_nb,test,modernize,wilde,austen,0
diagonal_gaussian_nb,test,modernize,wilde,dickens,0
diagonal_gaussian_nb,test,modernize,wilde,poe,0
diagonal_gaussian_nb,test,modernize,wilde,shelley,2
diagonal_gaussian_nb,test,modernize,wilde,twain,0
diagonal_gaussian_nb,test,modernize,wilde,wilde,7
diagonal_gaussian_nb,test,simplify,austen,austen,8
diagonal_gaussian_nb,test,simplify,austen,dickens,0
diagonal_gaussian_nb,test,simplify,austen,poe,0
diagonal_gaussian_nb,test,simplify,austen,shelley,0
diagonal_gaussian_nb,test,simplify,austen,twain,0
diagonal_gaussian_nb,test,simplify,austen,wilde,1
diagonal_gaussian_nb,test,simplify,dickens,austen,0
diagonal_gaussian_nb,test,simplify,dickens,dickens,4
diagonal_gaussian_nb,test,simplify,dickens,poe,0
diagonal_gaussian_nb,test,simplify,dickens,shelley,0
diagonal_gaussian_nb,test,simplify,dickens,twain,0
diagonal_gaussian_nb,test,simplify,dickens,wilde,5
diagonal_gaussian_nb,test,simplify,poe,austen,1
diagonal_gaussian_nb,test,simplify,poe,dickens,2
diagonal_gaussian_nb,test,simplify,poe,poe,2
diagonal_gaussian_nb,test,simplify,poe,shelley,4
diagonal_gaussian_nb,test,simplify,poe,twain,0
diagonal_gaussian_nb,test,simplify,poe,wilde,0
diagonal_gaussian_nb,test,simplify,shelley,austen,0
diagonal_gaussian_nb,test,simplify,shelley,dickens,3
diagonal_gaussian_nb,test,simplify,shelley,poe,2
diagonal_gaussian_nb,test,simplify,shelley,shelley,3
diagonal_gaussian_nb,test,simplify,shelley,twain,0
diagonal_gaussian_nb,test,simplify,shelley,wilde,1
diagonal_gaussian_nb,test,simplify,twain,austen,1
diagonal_gaussian_nb,test,simplify,twain,dickens,5
diagonal_gaussian_nb,test,simplify,twain,poe,0
diagonal_gaussian_nb,test,simplify,twain,shelley,0
diagonal_gaussian_nb,test,simplify,twain,twain,2
diagonal_gaussian_nb,test,simplify,twain,wilde,1
diagonal_gaussian_nb,test,simplify,wilde,austen,0
diagonal_gaussian_nb,test,simplify,wilde,dickens,0
diagonal_gaussian_nb,test,simplify,wilde,poe,0
diagonal_gaussian_nb,test,simplify,wilde,shelley,3
diagonal_gaussian_nb,test,simplify,wilde,twain,0
diagonal_gaussian_nb,test,simplify,wilde,wilde,6
linear_discriminant_shrinkage,validation,original,austen,austen,7
linear_discriminant_shrinkage,validation,original,austen,dickens,0
linear_discriminant_shrinkage,validation,original,austen,poe,0
linear_discriminant_shrinkage,validation,original,austen,shelley,1
linear_discriminant_shrinkage,validation,original,austen,twain,0
linear_discriminant_shrinkage,validation,original,austen,wilde,1
linear_discriminant_shrinkage,validation,original,dickens,austen,1
linear_discriminant_shrinkage,validation,original,dickens,dickens,8
linear_discriminant_shrinkage,validation,original,dickens,poe,0
linear_discriminant_shrinkage,validation,original,dickens,shelley,0
linear_discriminant_shrinkage,validation,original,dickens,twain,0
linear_discriminant_shrinkage,validation,original,dickens,wilde,0
linear_discriminant_shrinkage,validation,original,poe,austen,0
linear_discriminant_shrinkage,validation,original,poe,dickens,0
linear_discriminant_shrinkage,validation,original,poe,poe,7
linear_discriminant_shrinkage,validation,original,poe,shelley,2
linear_discriminant_shrinkage,validation,original,poe,twain,0
linear_discriminant_shrinkage,validation,original,poe,wilde,0
linear_discriminant_shrinkage,validation,original,shelley,austen,0
linear_discriminant_shrinkage,validation,original,shelley,dickens,0
linear_discriminant_shrinkage,validation,original,shelley,poe,2
linear_discriminant_shrinkage,validation,original,shelley,shelley,7
linear_discriminant_shrinkage,validation,original,shelley,twain,0
linear_discriminant_shrinkage,validation,original,shelley,wilde,0
linear_discriminant_shrinkage,validation,original,twain,austen,1
linear_discriminant_shrinkage,validation,original,twain,dickens,1
linear_discriminant_shrinkage,validation,original,twain,poe,2
linear_discriminant_shrinkage,validation,original,twain,shelley,0
linear_discriminant_shrinkage,validation,original,twain,twain,3
linear_discriminant_shrinkage,validation,original,twain,wilde,2
linear_discriminant_shrinkage,validation,original,wilde,austen,0
linear_discriminant_shrinkage,validation,original,wilde,dickens,3
linear_discriminant_shrinkage,validation,original,wilde,poe,0
linear_discriminant_shrinkage,validation,original,wilde,shelley,1
linear_discriminant_shrinkage,validation,original,wilde,twain,1
linear_discriminant_shrinkage,validation,original,wilde,wilde,4
linear_discriminant_shrinkage,validation,paraphrase,austen,austen,6
linear_discriminant_shrinkage,validation,paraphrase,austen,dickens,0
linear_discriminant_shrinkage,validation,paraphrase,austen,poe,0
linear_discriminant_shrinkage,validation,paraphrase,austen,shelley,3
linear_discriminant_shrinkage,validation,paraphrase,austen,twain,0
linear_discriminant_shrinkage,validation,paraphrase,austen,wilde,0
linear_discriminant_shrinkage,validation,paraphrase,dickens,austen,0
linear_discriminant_shrinkage,validation,paraphrase,dickens,dickens,2
linear_discriminant_shrinkage,validation,paraphrase,dickens,poe,0
linear_discriminant_shrinkage,validation,paraphrase,dickens,shelley,1
linear_discriminant_shrinkage,validation,paraphrase,dickens,twain,0
linear_discriminant_shrinkage,validation,paraphrase,dickens,wilde,6
linear_discriminant_shrinkage,validation,paraphrase,poe,austen,0
linear_discriminant_shrinkage,validation,paraphrase,poe,dickens,0
linear_discriminant_shrinkage,validation,paraphrase,poe,poe,4
linear_discriminant_shrinkage,validation,paraphrase,poe,shelley,5
linear_discriminant_shrinkage,validation,paraphrase,poe,twain,0
linear_discriminant_shrinkage,validation,paraphrase,poe,wilde,0
linear_discriminant_shrinkage,validation,paraphrase,shelley,austen,0
linear_discriminant_shrinkage,validation,paraphrase,shelley,dickens,0
linear_discriminant_shrinkage,validation,paraphrase,shelley,poe,1
linear_discriminant_shrinkage,validation,paraphrase,shelley,shelley,8
linear_discriminant_shrinkage,validation,paraphrase,shelley,twain,0
linear_discriminant_shrinkage,validation,paraphrase,shelley,wilde,0
linear_discriminant_shrinkage,validation,paraphrase,twain,austen,1
linear_discriminant_shrinkage,validation,paraphrase,twain,dickens,2
linear_discriminant_shrinkage,validation,paraphrase,twain,poe,2
linear_discriminant_shrinkage,validation,paraphrase,twain,shelley,0
linear_discriminant_shrinkage,validation,paraphrase,twain,twain,0
linear_discriminant_shrinkage,validation,paraphrase,twain,wilde,4
linear_discriminant_shrinkage,validation,paraphrase,wilde,austen,0
linear_discriminant_shrinkage,validation,paraphrase,wilde,dickens,1
linear_discriminant_shrinkage,validation,paraphrase,wilde,poe,0
linear_discriminant_shrinkage,validation,paraphrase,wilde,shelley,1
linear_discriminant_shrinkage,validation,paraphrase,wilde,twain,0
linear_discriminant_shrinkage,validation,paraphrase,wilde,wilde,7
linear_discriminant_shrinkage,validation,modernize,austen,austen,7
linear_discriminant_shrinkage,validation,modernize,austen,dickens,0
linear_discriminant_shrinkage,validation,modernize,austen,poe,0
linear_discriminant_shrinkage,validation,modernize,austen,shelley,1
linear_discriminant_shrinkage,validation,modernize,austen,twain,0
linear_discriminant_shrinkage,validation,modernize,austen,wilde,1
linear_discriminant_shrinkage,validation,modernize,dickens,austen,1
linear_discriminant_shrinkage,validation,modernize,dickens,dickens,3
linear_discriminant_shrinkage,validation,modernize,dickens,poe,0
linear_discriminant_shrinkage,validation,modernize,dickens,shelley,0
linear_discriminant_shrinkage,validation,modernize,dickens,twain,0
linear_discriminant_shrinkage,validation,modernize,dickens,wilde,5
linear_discriminant_shrinkage,validation,modernize,poe,austen,0
linear_discriminant_shrinkage,validation,modernize,poe,dickens,0
linear_discriminant_shrinkage,validation,modernize,poe,poe,4
linear_discriminant_shrinkage,validation,modernize,poe,shelley,3
linear_discriminant_shrinkage,validation,modernize,poe,twain,0
linear_discriminant_shrinkage,validation,modernize,poe,wilde,2
linear_discriminant_shrinkage,validation,modernize,shelley,austen,0
linear_discriminant_shrinkage,validation,modernize,shelley,dickens,0
linear_discriminant_shrinkage,validation,modernize,shelley,poe,1
linear_discriminant_shrinkage,validation,modernize,shelley,shelley,8
linear_discriminant_shrinkage,validation,modernize,shelley,twain,0
linear_discriminant_shrinkage,validation,modernize,shelley,wilde,0
linear_discriminant_shrinkage,validation,modernize,twain,austen,1
linear_discriminant_shrinkage,validation,modernize,twain,dickens,1
linear_discriminant_shrinkage,validation,modernize,twain,poe,1
linear_discriminant_shrinkage,validation,modernize,twain,shelley,0
linear_discriminant_shrinkage,validation,modernize,twain,twain,2
linear_discriminant_shrinkage,validation,modernize,twain,wilde,4
linear_discriminant_shrinkage,validation,modernize,wilde,austen,0
linear_discriminant_shrinkage,validation,modernize,wilde,dickens,3
linear_discriminant_shrinkage,validation,modernize,wilde,poe,0
linear_discriminant_shrinkage,validation,modernize,wilde,shelley,1
linear_discriminant_shrinkage,validation,modernize,wilde,twain,0
linear_discriminant_shrinkage,validation,modernize,wilde,wilde,5
linear_discriminant_shrinkage,validation,simplify,austen,austen,8
linear_discriminant_shrinkage,validation,simplify,austen,dickens,0
linear_discriminant_shrinkage,validation,simplify,austen,poe,0
linear_discriminant_shrinkage,validation,simplify,austen,shelley,0
linear_discriminant_shrinkage,validation,simplify,austen,twain,0
linear_discriminant_shrinkage,validation,simplify,austen,wilde,1
linear_discriminant_shrinkage,validation,simplify,dickens,austen,2
linear_discriminant_shrinkage,validation,simplify,dickens,dickens,0
linear_discriminant_shrinkage,validation,simplify,dickens,poe,0
linear_discriminant_shrinkage,validation,simplify,dickens,shelley,0
linear_discriminant_shrinkage,validation,simplify,dickens,twain,0
linear_discriminant_shrinkage,validation,simplify,dickens,wilde,7
linear_discriminant_shrinkage,validation,simplify,poe,austen,0
linear_discriminant_shrinkage,validation,simplify,poe,dickens,1
linear_discriminant_shrinkage,validation,simplify,poe,poe,1
linear_discriminant_shrinkage,validation,simplify,poe,shelley,5
linear_discriminant_shrinkage,validation,simplify,poe,twain,0
linear_discriminant_shrinkage,validation,simplify,poe,wilde,2
linear_discriminant_shrinkage,validation,simplify,shelley,austen,0
linear_discriminant_shrinkage,validation,simplify,shelley,dickens,0
linear_discriminant_shrinkage,validation,simplify,shelley,poe,1
linear_discriminant_shrinkage,validation,simplify,shelley,shelley,7
linear_discriminant_shrinkage,validation,simplify,shelley,twain,0
linear_discriminant_shrinkage,validation,simplify,shelley,wilde,1
linear_discriminant_shrinkage,validation,simplify,twain,austen,1
linear_discriminant_shrinkage,validation,simplify,twain,dickens,1
linear_discriminant_shrinkage,validation,simplify,twain,poe,1
linear_discriminant_shrinkage,validation,simplify,twain,shelley,0
linear_discriminant_shrinkage,validation,simplify,twain,twain,1
linear_discriminant_shrinkage,validation,simplify,twain,wilde,5
linear_discriminant_shrinkage,validation,simplify,wilde,austen,1
linear_discriminant_shrinkage,validation,simplify,wilde,dickens,2
linear_discriminant_shrinkage,validation,simplify,wilde,poe,0
linear_discriminant_shrinkage,validation,simplify,wilde,shelley,0
linear_discriminant_shrinkage,validation,simplify,wilde,twain,0
linear_discriminant_shrinkage,validation,simplify,wilde,wilde,6
linear_discriminant_shrinkage,test,original,austen,austen,9
linear_discriminant_shrinkage,test,original,austen,dickens,0
linear_discriminant_shrinkage,test,original,austen,poe,0
linear_discriminant_shrinkage,test,original,austen,shelley,0
linear_discriminant_shrinkage,test,original,austen,twain,0
linear_discriminant_shrinkage,test,original,austen,wilde,0
linear_discriminant_shrinkage,test,original,dickens,austen,1
linear_discriminant_shrinkage,test,original,dickens,dickens,6
linear_discriminant_shrinkage,test,original,dickens,poe,0
linear_discriminant_shrinkage,test,original,dickens,shelley,0
linear_discriminant_shrinkage,test,original,dickens,twain,0
linear_discriminant_shrinkage,test,original,dickens,wilde,2
linear_discriminant_shrinkage,test,original,poe,austen,0
linear_discriminant_shrinkage,test,original,poe,dickens,1
linear_discriminant_shrinkage,test,original,poe,poe,6
linear_discriminant_shrinkage,test,original,poe,shelley,2
linear_discriminant_shrinkage,test,original,poe,twain,0
linear_discriminant_shrinkage,test,original,poe,wilde,0
linear_discriminant_shrinkage,test,original,shelley,austen,0
linear_discriminant_shrinkage,test,original,shelley,dickens,0
linear_discriminant_shrinkage,test,original,shelley,poe,1
linear_discriminant_shrinkage,test,original,shelley,shelley,8
linear_discriminant_shrinkage,test,original,shelley,twain,0
linear_discriminant_shrinkage,test,original,shelley,wilde,0
linear_discriminant_shrinkage,test,original,twain,austen,0
linear_discriminant_shrinkage,test,original,twain,dickens,1
linear_discriminant_shrinkage,test,original,twain,poe,0
linear_discriminant_shrinkage,test,original,twain,shelley,0
linear_discriminant_shrinkage,test,original,twain,twain,7
linear_discriminant_shrinkage,test,original,twain,wilde,1
linear_discriminant_shrinkage,test,original,wilde,austen,0
linear_discriminant_shrinkage,test,original,wilde,dickens,0
linear_discriminant_shrinkage,test,original,wilde,poe,2
linear_discriminant_shrinkage,test,original,wilde,shelley,1
linear_discriminant_shrinkage,test,original,wilde,twain,0
linear_discriminant_shrinkage,test,original,wilde,wilde,6
linear_discriminant_shrinkage,test,paraphrase,austen,austen,8
linear_discriminant_shrinkage,test,paraphrase,austen,dickens,0
linear_discriminant_shrinkage,test,paraphrase,austen,poe,0
linear_discriminant_shrinkage,test,paraphrase,austen,shelley,1
linear_discriminant_shrinkage,test,paraphrase,austen,twain,0
linear_discriminant_shrinkage,test,paraphrase,austen,wilde,0
linear_discriminant_shrinkage,test,paraphrase,dickens,austen,0
linear_discriminant_shrinkage,test,paraphrase,dickens,dickens,2
linear_discriminant_shrinkage,test,paraphrase,dickens,poe,0
linear_discriminant_shrinkage,test,paraphrase,dickens,shelley,1
linear_discriminant_shrinkage,test,paraphrase,dickens,twain,0
linear_discriminant_shrinkage,test,paraphrase,dickens,wilde,6
linear_discriminant_shrinkage,test,paraphrase,poe,austen,1
linear_discriminant_shrinkage,test,paraphrase,poe,dickens,0
linear_discriminant_shrinkage,test,paraphrase,poe,poe,3
linear_discriminant_shrinkage,test,paraphrase,poe,shelley,5
linear_discriminant_shrinkage,test,paraphrase,poe,twain,0
linear_discriminant_shrinkage,test,paraphrase,poe,wilde,0
linear_discriminant_shrinkage,test,paraphrase,shelley,austen,0
linear_discriminant_shrinkage,test,paraphrase,shelley,dickens,0
linear_discriminant_shrinkage,test,paraphrase,shelley,poe,1
linear_discriminant_shrinkage,test,paraphrase,shelley,shelley,7
linear_discriminant_shrinkage,test,paraphrase,shelley,twain,0
linear_discriminant_shrinkage,test,paraphrase,shelley,wilde,1
linear_discriminant_shrinkage,test,paraphrase,twain,austen,3
linear_discriminant_shrinkage,test,paraphrase,twain,dickens,2
linear_discriminant_shrinkage,test,paraphrase,twain,poe,0
linear_discriminant_shrinkage,test,paraphrase,twain,shelley,0
linear_discriminant_shrinkage,test,paraphrase,twain,twain,0
linear_discriminant_shrinkage,test,paraphrase,twain,wilde,4
linear_discriminant_shrinkage,test,paraphrase,wilde,austen,0
linear_discriminant_shrinkage,test,paraphrase,wilde,dickens,0
linear_discriminant_shrinkage,test,paraphrase,wilde,poe,2
linear_discriminant_shrinkage,test,paraphrase,wilde,shelley,3
linear_discriminant_shrinkage,test,paraphrase,wilde,twain,0
linear_discriminant_shrinkage,test,paraphrase,wilde,wilde,4
linear_discriminant_shrinkage,test,modernize,austen,austen,9
linear_discriminant_shrinkage,test,modernize,austen,dickens,0
linear_discriminant_shrinkage,test,modernize,austen,poe,0
linear_discriminant_shrinkage,test,modernize,austen,shelley,0
linear_discriminant_shrinkage,test,modernize,austen,twain,0
linear_discriminant_shrinkage,test,modernize,austen,wilde,0
linear_discriminant_shrinkage,test,modernize,dickens,austen,1
linear_discriminant_shrinkage,test,modernize,dickens,dickens,3
linear_discriminant_shrinkage,test,modernize,dickens,poe,0
linear_discriminant_shrinkage,test,modernize,dickens,shelley,0
linear_discriminant_shrinkage,test,modernize,dickens,twain,0
linear_discriminant_shrinkage,test,modernize,dickens,wilde,5
linear_discriminant_shrinkage,test,modernize,poe,austen,0
linear_discriminant_shrinkage,test,modernize,poe,dickens,1
linear_discriminant_shrinkage,test,modernize,poe,poe,3
linear_discriminant_shrinkage,test,modernize,poe,shelley,5
linear_discriminant_shrinkage,test,modernize,poe,twain,0
linear_discriminant_shrinkage,test,modernize,poe,wilde,0
linear_discriminant_shrinkage,test,modernize,shelley,austen,0
linear_discriminant_shrinkage,test,modernize,shelley,dickens,0
linear_discriminant_shrinkage,test,modernize,shelley,poe,1
linear_discriminant_shrinkage,test,modernize,shelley,shelley,7
linear_discriminant_shrinkage,test,modernize,shelley,twain,0
linear_discriminant_shrinkage,test,modernize,shelley,wilde,1
linear_discriminant_shrinkage,test,modernize,twain,austen,0
linear_discriminant_shrinkage,test,modernize,twain,dickens,2
linear_discriminant_shrinkage,test,modernize,twain,poe,0
linear_discriminant_shrinkage,test,modernize,twain,shelley,0
linear_discriminant_shrinkage,test,modernize,twain,twain,4
linear_discriminant_shrinkage,test,modernize,twain,wilde,3
linear_discriminant_shrinkage,test,modernize,wilde,austen,0
linear_discriminant_shrinkage,test,modernize,wilde,dickens,0
linear_discriminant_shrinkage,test,modernize,wilde,poe,2
linear_discriminant_shrinkage,test,modernize,wilde,shelley,0
linear_discriminant_shrinkage,test,modernize,wilde,twain,0
linear_discriminant_shrinkage,test,modernize,wilde,wilde,7
linear_discriminant_shrinkage,test,simplify,austen,austen,9
linear_discriminant_shrinkage,test,simplify,austen,dickens,0
linear_discriminant_shrinkage,test,simplify,austen,poe,0
linear_discriminant_shrinkage,test,simplify,austen,shelley,0
linear_discriminant_shrinkage,test,simplify,austen,twain,0
linear_discriminant_shrinkage,test,simplify,austen,wilde,0
linear_discriminant_shrinkage,test,simplify,dickens,austen,1
linear_discriminant_shrinkage,test,simplify,dickens,dickens,2
linear_discriminant_shrinkage,test,simplify,dickens,poe,0
linear_discriminant_shrinkage,test,simplify,dickens,shelley,0
linear_discriminant_shrinkage,test,simplify,dickens,twain,0
linear_discriminant_shrinkage,test,simplify,dickens,wilde,6
linear_discriminant_shrinkage,test,simplify,poe,austen,1
linear_discriminant_shrinkage,test,simplify,poe,dickens,1
linear_discriminant_shrinkage,test,simplify,poe,poe,3
linear_discriminant_shrinkage,test,simplify,poe,shelley,4
linear_discriminant_shrinkage,test,simplify,poe,twain,0
linear_discriminant_shrinkage,test,simplify,poe,wilde,0
linear_discriminant_shrinkage,test,simplify,shelley,austen,2
linear_discriminant_shrinkage,test,simplify,shelley,dickens,1
linear_discriminant_shrinkage,test,simplify,shelley,poe,1
linear_discriminant_shrinkage,test,simplify,shelley,shelley,2
linear_discriminant_shrinkage,test,simplify,shelley,twain,0
linear_discriminant_shrinkage,test,simplify,shelley,wilde,3
linear_discriminant_shrinkage,test,simplify,twain,austen,1
linear_discriminant_shrinkage,test,simplify,twain,dickens,0
linear_discriminant_shrinkage,test,simplify,twain,poe,0
linear_discriminant_shrinkage,test,simplify,twain,shelley,0
linear_discriminant_shrinkage,test,simplify,twain,twain,2
linear_discriminant_shrinkage,test,simplify,twain,wilde,6
linear_discriminant_shrinkage,test,simplify,wilde,austen,0
linear_discriminant_shrinkage,test,simplify,wilde,dickens,0
linear_discriminant_shrinkage,test,simplify,wilde,poe,1
linear_discriminant_shrinkage,test,simplify,wilde,shelley,2
linear_discriminant_shrinkage,test,simplify,wilde,twain,0
linear_discriminant_shrinkage,test,simplify,wilde,wilde,6
