text_id,author_id,condition,split
AUSTEN_EMMA_001__original,austen,original,train
AUSTEN_EMMA_001__paraphrase,austen,paraphrase,train
AUSTEN_EMMA_001__modernize,austen,modernize,train
AUSTEN_EMMA_001__simplify,austen,simplify,train
AUSTEN_EMMA_002__original,austen,original,train
AUSTEN_EMMA_002__paraphrase,austen,paraphrase,train
AUSTEN_EMMA_002__modernize,austen,modernize,train
AUSTEN_EMMA_002__simplify,austen,simplify,train
AUSTEN_EMMA_003__original,austen,original,train
AUSTEN_EMMA_003__paraphrase,austen,paraphrase,train
AUSTEN_EMMA_003__modernize,austen,modernize,train
AUSTEN_EMMA_003__simplify,austen,simplify,train
AUSTEN_EMMA_004__original,austen,original,train
AUSTEN_EMMA_004__paraphrase,austen,paraphrase,train
AUSTEN_EMMA_004__modernize,austen,modernize,train
AUSTEN_EMMA_004__simplify,austen,simplify,train
AUSTEN_EMMA_005__original,austen,original,train
AUSTEN_EMMA_005__paraphrase,austen,paraphrase,train
AUSTEN_EMMA_005__modernize,austen,modernize,train
AUSTEN_EMMA_005__simplify,austen,simplify,train
AUSTEN_EMMA_006__original,austen,original,train
AUSTEN_EMMA_006__paraphrase,austen,paraphrase,train
AUSTEN_EMMA_006__modernize,austen,modernize,train
AUSTEN_EMMA_006__simplify,austen,simplify,train
AUSTEN_EMMA_007__original,austen,original,train
AUSTEN_EMMA_007__paraphrase,austen,paraphrase,train
AUSTEN_EMMA_007__modernize,austen,modernize,train
AUSTEN_EMMA_007__simplify,austen,simplify,train
AUSTEN_EMMA_008__original,austen,original,train
AUSTEN_EMMA_008__paraphrase,austen,paraphrase,train
AUSTEN_EMMA_008__modernize,austen,modernize,train
AUSTEN_EMMA_008__simplify,austen,simplify,train
AUSTEN_EMMA_009__original,austen,original,train
AUSTEN_EMMA_009__paraphrase,austen,paraphrase,train
AUSTEN_EMMA_009__modernize,austen,modernize,train
AUSTEN_EMMA_009__simplify,austen,simplify,train
AUSTEN_EMMA_010__original,austen,original,train
AUSTEN_EMMA_010__paraphrase,austen,paraphrase,train
AUSTEN_EMMA_010__modernize,austen,modernize,train
AUSTEN_EMMA_010__simplify,austen,simplify,train
AUSTEN_EMMA_011__original,austen,original,train
AUSTEN_EMMA_011__paraphrase,austen,paraphrase,train
AUSTEN_EMMA_011__modernize,austen,modernize,train
AUSTEN_EMMA_011__simplify,austen,simplify,train
AUSTEN_EMMA_012__original,austen,original,train
AUSTEN_EMMA_012__paraphrase,austen,paraphrase,train
AUSTEN_EMMA_012__modernize,austen,modernize,train
AUSTEN_EMMA_012__simplify,austen,simplify,train
AUSTEN_EMMA_013__original,austen,original,train
AUSTEN_EMMA_013__paraphrase,austen,paraphrase,train
AUSTEN_EMMA_013__modernize,austen,modernize,train
AUSTEN_EMMA_013__simplify,austen,simplify,train
AUSTEN_EMMA_014__original,austen,original,train
AUSTEN_EMMA_014__paraphrase,austen,paraphrase,train
AUSTEN_EMMA_014__modernize,austen,modernize,train
AUSTEN_EMMA_014__simplify,austen,simplify,train
AUSTEN_EMMA_015__original,austen,original,train
AUSTEN_EMMA_015__paraphrase,austen,paraphrase,train
AUSTEN_EMMA_015__modernize,austen,modernize,train
AUSTEN_EMMA_015__simplify,austen,simplify,train
AUSTEN_EMMA_016__original,austen,original,train
AUSTEN_EMMA_016__paraphrase,austen,paraphrase,train
AUSTEN_EMMA_016__modernize,austen,modernize,train
AUSTEN_EMMA_016__simplify,austen,simplify,train
AUSTEN_EMMA_017__original,austen,original,train
AUSTEN_EMMA_017__paraphrase,austen,paraphrase,train
AUSTEN_EMMA_017__modernize,austen,modernize,train
AUSTEN_EMMA_017__simplify,austen,simplify,train
AUSTEN_EMMA_018__original,austen,original,train
AUSTEN_EMMA_018__paraphrase,austen,paraphrase,train
AUSTEN_EMMA_018__modernize,austen,modernize,train
AUSTEN_EMMA_018__simplify,austen,simplify,train
AUSTEN_EMMA_019__original,austen,original,train
AUSTEN_EMMA_019__paraphrase,austen,paraphrase,train
AUSTEN_EMMA_019__modernize,austen,modernize,train
AUSTEN_EMMA_019__simplify,austen,simplify,train
AUSTEN_EMMA_020__original,austen,original,train
AUSTEN_EMMA_020__paraphrase,austen,paraphrase,train
AUSTEN_EMMA_020__modernize,austen,modernize,train
AUSTEN_EMMA_020__simplify,austen,simplify,train
AUSTEN_EMMA_021__original,austen,original,train
AUSTEN_EMMA_021__paraphrase,austen,paraphrase,train
AUSTEN_EMMA_021__modernize,austen,modernize,train
AUSTEN_EMMA_021__simplify,austen,simplify,train
AUSTEN_EMMA_022__original,austen,original,train
AUSTEN_EMMA_022__paraphrase,austen,paraphrase,train
AUSTEN_EMMA_022__modernize,austen,modernize,train
AUSTEN_EMMA_022__simplify,austen,simplify,train
AUSTEN_EMMA_023__original,austen,original,train
AUSTEN_EMMA_023__paraphrase,austen,paraphrase,train
AUSTEN_EMMA_023__modernize,austen,modernize,train
AUSTEN_EMMA_023__simplify,austen,simplify,train
AUSTEN_EMMA_024__original,austen,original,train
AUSTEN_EMMA_024__paraphrase,austen,paraphrase,train
AUSTEN_EMMA_024__modernize,austen,modernize,train
AUSTEN_EMMA_024__simplify,austen,simplify,train
AUSTEN_EMMA_025__original,austen,original,train
AUSTEN_EMMA_025__paraphrase,austen,paraphrase,train
AUSTEN_EMMA_025__modernize,austen,modernize,train
AUSTEN_EMMA_025__simplify,austen,simplify,train
AUSTEN_EMMA_026__original,austen,original,train
AUSTEN_EMMA_026__paraphrase,austen,paraphrase,train
AUSTEN_EMMA_026__modernize,austen,modernize,train
AUSTEN_EMMA_026__simplify,austen,simplify,train
AUSTEN_EMMA_027__original,austen,original,train
AUSTEN_EMMA_027__paraphrase,austen,paraphrase,train
AUSTEN_EMMA_027__modernize,austen,modernize,train
AUSTEN_EMMA_027__simplify,austen,simplify,train
AUSTEN_EMMA_028__original,austen,original,train
AUSTEN_EMMA_028__paraphrase,austen,paraphrase,train
AUSTEN_EMMA_028__modernize,austen,modernize,train
AUSTEN_EMMA_028__simplify,austen,simplify,train
AUSTEN_EMMA_029__original,austen,original,train
AUSTEN_EMMA_029__paraphrase,austen,paraphrase,train
AUSTEN_EMMA_029__modernize,austen,modernize,train
AUSTEN_EMMA_029__simplify,austen,simplify,train
AUSTEN_EMMA_030__original,austen,original,train
AUSTEN_EMMA_030__paraphrase,austen,paraphrase,train
AUSTEN_EMMA_030__modernize,austen,modernize,train
AUSTEN_EMMA_030__simplify,austen,simplify,train
AUSTEN_PRIDE_AND_PREJUDICE_001__original,austen,original,train
AUSTEN_PRIDE_AND_PREJUDICE_001__paraphrase,austen,paraphrase,train
AUSTEN_PRIDE_AND_PREJUDICE_001__modernize,austen,modernize,train
AUSTEN_PRIDE_AND_PREJUDICE_001__simplify,austen,simplify,train
AUSTEN_PRIDE_AND_PREJUDICE_002__original,austen,original,train
AUSTEN_PRIDE_AND_PREJUDICE_002__paraphrase,austen,paraphrase,train
AUSTEN_PRIDE_AND_PREJUDICE_002__modernize,austen,modernize,train
AUSTEN_PRIDE_AND_PREJUDICE_002__simplify,austen,simplify,train
AUSTEN_PRIDE_AND_PREJUDICE_003__original,austen,original,train
AUSTEN_PRIDE_AND_PREJUDICE_003__paraphrase,austen,paraphrase,train
AUSTEN_PRIDE_AND_PREJUDICE_003__modernize,austen,modernize,train
AUSTEN_PRIDE_AND_PREJUDICE_003__simplify,austen,simplify,train
AUSTEN_PRIDE_AND_PREJUDICE_004__original,austen,original,train
AUSTEN_PRIDE_AND_PREJUDICE_004__paraphrase,austen,paraphrase,train
AUSTEN_PRIDE_AND_PREJUDICE_004__modernize,austen,modernize,train
AUSTEN_PRIDE_AND_PREJUDICE_004__simplify,austen,simplify,train
AUSTEN_PRIDE_AND_PREJUDICE_005__original,austen,original,train
AUSTEN_PRIDE_AND_PREJUDICE_005__paraphrase,austen,paraphrase,train
AUSTEN_PRIDE_AND_PREJUDICE_005__modernize,austen,modernize,train
AUSTEN_PRIDE_AND_PREJUDICE_005__simplify,austen,simplify,train
AUSTEN_PRIDE_AND_PREJUDICE_006__original,austen,original,train
AUSTEN_PRIDE_AND_PREJUDICE_006__paraphrase,austen,paraphrase,train
AUSTEN_PRIDE_AND_PREJUDICE_006__modernize,austen,modernize,train
AUSTEN_PRIDE_AND_PREJUDICE_006__simplify,austen,simplify,train
AUSTEN_PRIDE_AND_PREJUDICE_007__original,austen,original,train
AUSTEN_PRIDE_AND_PREJUDICE_007__paraphrase,austen,paraphrase,train
AUSTEN_PRIDE_AND_PREJUDICE_007__modernize,austen,modernize,train
AUSTEN_PRIDE_AND_PREJUDICE_007__simplify,austen,simplify,train
AUSTEN_PRIDE_AND_PREJUDICE_008__original,austen,original,train
AUSTEN_PRIDE_AND_PREJUDICE_008__paraphrase,austen,paraphrase,train
AUSTEN_PRIDE_AND_PREJUDICE_008__modernize,austen,modernize,train
AUSTEN_PRIDE_AND_PREJUDICE_008__simplify,austen,simplify,train
AUSTEN_PRIDE_AND_PREJUDICE_009__original,austen,original,train
AUSTEN_PRIDE_AND_PREJUDICE_009__paraphrase,austen,paraphrase,train
AUSTEN_PRIDE_AND_PREJUDICE_009__modernize,austen,modernize,train
AUSTEN_PRIDE_AND_PREJUDICE_009__simplify,austen,simplify,train
AUSTEN_PRIDE_AND_PREJUDICE_010__original,austen,original,train
AUSTEN_PRIDE_AND_PREJUDICE_010__paraphrase,austen,paraphrase,train
AUSTEN_PRIDE_AND_PREJUDICE_010__modernize,austen,modernize,train
AUSTEN_PRIDE_AND_PREJUDICE_010__simplify,austen,simplify,train
AUSTEN_PRIDE_AND_PREJUDICE_011__original,austen,original,train
AUSTEN_PRIDE_AND_PREJUDICE_011__paraphrase,austen,paraphrase,train
AUSTEN_PRIDE_AND_PREJUDICE_011__modernize,austen,modernize,train
AUSTEN_PRIDE_AND_PREJUDICE_011__simplify,austen,simplify,train
AUSTEN_PRIDE_AND_PREJUDICE_012__original,austen,original,train
AUSTEN_PRIDE_AND_PREJUDICE_012__paraphrase,austen,paraphrase,train
AUSTEN_PRIDE_AND_PREJUDICE_012__modernize,austen,modernize,train
AUSTEN_PRIDE_AND_PREJUDICE_012__simplify,austen,simplify,train
AUSTEN_PRIDE_AND_PREJUDICE_013__original,austen,original,validation
AUSTEN_PRIDE_AND_PREJUDICE_013__paraphrase,austen,paraphrase,validation
AUSTEN_PRIDE_AND_PREJUDICE_013__modernize,austen,modernize,validation
AUSTEN_PRIDE_AND_PREJUDICE_013__simplify,austen,simplify,validation
AUSTEN_PRIDE_AND_PREJUDICE_014__original,austen,original,validation
AUSTEN_PRIDE_AND_PREJUDICE_014__paraphrase,austen,paraphrase,validation
AUSTEN_PRIDE_AND_PREJUDICE_014__modernize,austen,modernize,validation
AUSTEN_PRIDE_AND_PREJUDICE_014__simplify,austen,simplify,validation
AUSTEN_PRIDE_AND_PREJUDICE_015__original,austen,original,validation
AUSTEN_PRIDE_AND_PREJUDICE_015__paraphrase,austen,paraphrase,validation
AUSTEN_PRIDE_AND_PREJUDICE_015__modernize,austen,modernize,validation
AUSTEN_PRIDE_AND_PREJUDICE_015__simplify,austen,simplify,validation
AUSTEN_PRIDE_AND_PREJUDICE_016__original,austen,original,validation
AUSTEN_PRIDE_AND_PREJUDICE_016__paraphrase,austen,paraphrase,validation
AUSTEN_PRIDE_AND_PREJUDICE_016__modernize,austen,modernize,validation
AUSTEN_PRIDE_AND_PREJUDICE_016__simplify,austen,simplify,validation
AUSTEN_PRIDE_AND_PREJUDICE_017__original,austen,original,validation
AUSTEN_PRIDE_AND_PREJUDICE_017__paraphrase,austen,paraphrase,validation
AUSTEN_PRIDE_AND_PREJUDICE_017__modernize,austen,modernize,validation
AUSTEN_PRIDE_AND_PREJUDICE_017__simplify,austen,simplify,validation
AUSTEN_PRIDE_AND_PREJUDICE_018__original,austen,original,validation
AUSTEN_PRIDE_AND_PREJUDICE_018__paraphrase,austen,paraphrase,validation
AUSTEN_PRIDE_AND_PREJUDICE_018__modernize,austen,modernize,validation
AUSTEN_PRIDE_AND_PREJUDICE_018__simplify,austen,simplify,validation
AUSTEN_PRIDE_AND_PREJUDICE_019__original,austen,original,validation
AUSTEN_PRIDE_AND_PREJUDICE_019__paraphrase,austen,paraphrase,validation
AUSTEN_PRIDE_AND_PREJUDICE_019__modernize,austen,modernize,validation
AUSTEN_PRIDE_AND_PREJUDICE_019__simplify,austen,simplify,validation
AUSTEN_PRIDE_AND_PREJUDICE_020__original,austen,original,validation
AUSTEN_PRIDE_AND_PREJUDICE_020__paraphrase,austen,paraphrase,validation
AUSTEN_PRIDE_AND_PREJUDICE_020__modernize,austen,modernize,validation
AUSTEN_PRIDE_AND_PREJUDICE_020__simplify,austen,simplify,validation
AUSTEN_PRIDE_AND_PREJUDICE_021__original,austen,original,validation
AUSTEN_PRIDE_AND_PREJUDICE_021__paraphrase,austen,paraphrase,validation
AUSTEN_PRIDE_AND_PREJUDICE_021__modernize,austen,modernize,validation
AUSTEN_PRIDE_AND_PREJUDICE_021__simplify,austen,simplify,validation
AUSTEN_PRIDE_AND_PREJUDICE_022__original,austen,original,test
AUSTEN_PRIDE_AND_PREJUDICE_022__paraphrase,austen,paraphrase,test
AUSTEN_PRIDE_AND_PREJUDICE_022__modernize,austen,modernize,test
AUSTEN_PRIDE_AND_PREJUDICE_022__simplify,austen,simplify,test
AUSTEN_PRIDE_AND_PREJUDICE_023__original,austen,original,test
AUSTEN_PRIDE_AND_PREJUDICE_023__paraphrase,austen,paraphrase,test
AUSTEN_PRIDE_AND_PREJUDICE_023__modernize,austen,modernize,test
AUSTEN_PRIDE_AND_PREJUDICE_023__simplify,austen,simplify,test
AUSTEN_PRIDE_AND_PREJUDICE_024__original,austen,original,test
AUSTEN_PRIDE_AND_PREJUDICE_024__paraphrase,austen,paraphrase,test
AUSTEN_PRIDE_AND_PREJUDICE_024__modernize,austen,modernize,test
AUSTEN_PRIDE_AND_PREJUDICE_024__simplify,austen,simplify,test
AUSTEN_PRIDE_AND_PREJUDICE_025__original,austen,original,test
AUSTEN_PRIDE_AND_PREJUDICE_025__paraphrase,austen,paraphrase,test
AUSTEN_PRIDE_AND_PREJUDICE_025__modernize,austen,modernize,test
AUSTEN_PRIDE_AND_PREJUDICE_025__simplify,austen,simplify,test
AUSTEN_PRIDE_AND_PREJUDICE_026__original,austen,original,test
AUSTEN_PRIDE_AND_PREJUDICE_026__paraphrase,austen,paraphrase,test
AUSTEN_PRIDE_AND_PREJUDICE_026__modernize,austen,modernize,test
AUSTEN_PRIDE_AND_PREJUDICE_026__simplify,austen,simplify,test
AUSTEN_PRIDE_AND_PREJUDICE_027__original,austen,original,test
AUSTEN_PRIDE_AND_PREJUDICE_027__paraphrase,austen,paraphrase,test
AUSTEN_PRIDE_AND_PREJUDICE_027__modernize,austen,modernize,test
AUSTEN_PRIDE_AND_PREJUDICE_027__simplify,austen,simplify,test
AUSTEN_PRIDE_AND_PREJUDICE_028__original,austen,original,test
AUSTEN_PRIDE_AND_PREJUDICE_028__paraphrase,austen,paraphrase,test
AUSTEN_PRIDE_AND_PREJUDICE_028__modernize,austen,modernize,test
AUSTEN_PRIDE_AND_PREJUDICE_028__simplify,austen,simplify,test
AUSTEN_PRIDE_AND_PREJUDICE_029__original,austen,original,test
AUSTEN_PRIDE_AND_PREJUDICE_029__paraphrase,austen,paraphrase,test
AUSTEN_PRIDE_AND_PREJUDICE_029__modernize,austen,modernize,test
AUSTEN_PRIDE_AND_PREJUDICE_029__simplify,austen,simplify,test
AUSTEN_PRIDE_AND_PREJUDICE_030__original,austen,original,test
AUSTEN_PRIDE_AND_PREJUDICE_030__paraphrase,austen,paraphrase,test
AUSTEN_PRIDE_AND_PREJUDICE_030__modernize,austen,modernize,test
AUSTEN_PRIDE_AND_PREJUDICE_030__simplify,austen,simplify,test
DICKENS_GREAT_EXPECTATIONS_001__original,dickens,original,train
DICKENS_GREAT_EXPECTATIONS_001__paraphrase,dickens,paraphrase,train
DICKENS_GREAT_EXPECTATIONS_001__modernize,dickens,modernize,train
DICKENS_GREAT_EXPECTATIONS_001__simplify,dickens,simplify,train
DICKENS_GREAT_EXPECTATIONS_002__original,dickens,original,train
DICKENS_GREAT_EXPECTATIONS_002__paraphrase,dickens,paraphrase,train
DICKENS_GREAT_EXPECTATIONS_002__modernize,dickens,modernize,train
DICKENS_GREAT_EXPECTATIONS_002__simplify,dickens,simplify,train
DICKENS_GREAT_EXPECTATIONS_003__original,dickens,original,train
DICKENS_GREAT_EXPECTATIONS_003__paraphrase,dickens,paraphrase,train
DICKENS_GREAT_EXPECTATIONS_003__modernize,dickens,modernize,train
DICKENS_GREAT_EXPECTATIONS_003__simplify,dickens,simplify,train
DICKENS_GREAT_EXPECTATIONS_004__original,dickens,original,train
DICKENS_GREAT_EXPECTATIONS_004__paraphrase,dickens,paraphrase,train
DICKENS_GREAT_EXPECTATIONS_004__modernize,dickens,modernize,train
DICKENS_GREAT_EXPECTATIONS_004__simplify,dickens,simplify,train
DICKENS_GREAT_EXPECTATIONS_005__original,dickens,original,train
DICKENS_GREAT_EXPECTATIONS_005__paraphrase,dickens,paraphrase,train
DICKENS_GREAT_EXPECTATIONS_005__modernize,dickens,modernize,train
DICKENS_GREAT_EXPECTATIONS_005__simplify,dickens,simplify,train
DICKENS_GREAT_EXPECTATIONS_006__original,dickens,original,train
DICKENS_GREAT_EXPECTATIONS_006__paraphrase,dickens,paraphrase,train
DICKENS_GREAT_EXPECTATIONS_006__modernize,dickens,modernize,train
DICKENS_GREAT_EXPECTATIONS_006__simplify,dickens,simplify,train
DICKENS_GREAT_EXPECTATIONS_007__original,dickens,original,train
DICKENS_GREAT_EXPECTATIONS_007__paraphrase,dickens,paraphrase,train
DICKENS_GREAT_EXPECTATIONS_007__modernize,dickens,modernize,train
DICKENS_GREAT_EXPECTATIONS_007__simplify,dickens,simplify,train
DICKENS_GREAT_EXPECTATIONS_008__original,dickens,original,train
DICKENS_GREAT_EXPECTATIONS_008__paraphrase,dickens,paraphrase,train
DICKENS_GREAT_EXPECTATIONS_008__modernize,dickens,modernize,train
DICKENS_GREAT_EXPECTATIONS_008__simplify,dickens,simplify,train
DICKENS_GREAT_EXPECTATIONS_009__original,dickens,original,train
DICKENS_GREAT_EXPECTATIONS_009__paraphrase,dickens,paraphrase,train
DICKENS_GREAT_EXPECTATIONS_009__modernize,dickens,modernize,train
DICKENS_GREAT_EXPECTATIONS_009__simplify,dickens,simplify,train
DICKENS_GREAT_EXPECTATIONS_010__original,dickens,original,train
DICKENS_GREAT_EXPECTATIONS_010__paraphrase,dickens,paraphrase,train
DICKENS_GREAT_EXPECTATIONS_010__modernize,dickens,modernize,train
DICKENS_GREAT_EXPECTATIONS_010__simplify,dickens,simplify,train
DICKENS_GREAT_EXPECTATIONS_011__original,dickens,original,train
DICKENS_GREAT_EXPECTATIONS_011__paraphrase,dickens,paraphrase,train
DICKENS_GREAT_EXPECTATIONS_011__modernize,dickens,modernize,train
DICKENS_GREAT_EXPECTATIONS_011__simplify,dickens,simplify,train
DICKENS_GREAT_EXPECTATIONS_012__original,dickens,original,train
DICKENS_GREAT_EXPECTATIONS_012__paraphrase,dickens,paraphrase,train
DICKENS_GREAT_EXPECTATIONS_012__modernize,dickens,modernize,train
DICKENS_GREAT_EXPECTATIONS_012__simplify,dickens,simplify,train
DICKENS_GREAT_EXPECTATIONS_013__original,dickens,original,train
DICKENS_GREAT_EXPECTATIONS_013__paraphrase,dickens,paraphrase,train
DICKENS_GREAT_EXPECTATIONS_013__modernize,dickens,modernize,train
DICKENS_GREAT_EXPECTATIONS_013__simplify,dickens,simplify,train
DICKENS_GREAT_EXPECTATIONS_014__original,dickens,original,train
DICKENS_GREAT_EXPECTATIONS_014__paraphrase,dickens,paraphrase,train
DICKENS_GREAT_EXPECTATIONS_014__modernize,dickens,modernize,train
DICKENS_GREAT_EXPECTATIONS_014__simplify,dickens,simplify,train
DICKENS_GREAT_EXPECTATIONS_015__original,dickens,original,train
DICKENS_GREAT_EXPECTATIONS_015__paraphrase,dickens,paraphrase,train
DICKENS_GREAT_EXPECTATIONS_015__modernize,dickens,modernize,train
DICKENS_GREAT_EXPECTATIONS_015__simplify,dickens,simplify,train
DICKENS_GREAT_EXPECTATIONS_016__original,dickens,original,train
DICKENS_GREAT_EXPECTATIONS_016__paraphrase,dickens,paraphrase,train
DICKENS_GREAT_EXPECTATIONS_016__modernize,dickens,modernize,train
DICKENS_GREAT_EXPECTATIONS_016__simplify,dickens,simplify,train
DICKENS_GREAT_EXPECTATIONS_017__original,dickens,original,train
DICKENS_GREAT_EXPECTATIONS_017__paraphrase,dickens,paraphrase,train
DICKENS_GREAT_EXPECTATIONS_017__modernize,dickens,modernize,train
DICKENS_GREAT_EXPECTATIONS_017__simplify,dickens,simplify,train
DICKENS_GREAT_EXPECTATIONS_018__original,dickens,original,train
DICKENS_GREAT_EXPECTATIONS_018__paraphrase,dickens,paraphrase,train
DICKENS_GREAT_EXPECTATIONS_018__modernize,dickens,modernize,train
DICKENS_GREAT_EXPECTATIONS_018__simplify,dickens,simplify,train
DICKENS_GREAT_EXPECTATIONS_019__original,dickens,original,train
DICKENS_GREAT_EXPECTATIONS_019__paraphrase,dickens,paraphrase,train
DICKENS_GREAT_EXPECTATIONS_019__modernize,dickens,modernize,train
DICKENS_GREAT_EXPECTATIONS_019__simplify,dickens,simplify,train
DICKENS_GREAT_EXPECTATIONS_020__original,dickens,original,train
DICKENS_GREAT_EXPECTATIONS_020__paraphrase,dickens,paraphrase,train
DICKENS_GREAT_EXPECTATIONS_020__modernize,dickens,modernize,train
DICKENS_GREAT_EXPECTATIONS_020__simplify,dickens,simplify,train
DICKENS_GREAT_EXPECTATIONS_021__original,dickens,original,train
DICKENS_GREAT_EXPECTATIONS_021__paraphrase,dickens,paraphrase,train
DICKENS_GREAT_EXPECTATIONS_021__modernize,dickens,modernize,train
DICKENS_GREAT_EXPECTATIONS_021__simplify,dickens,simplify,train
DICKENS_GREAT_EXPECTATIONS_022__original,dickens,original,train
DICKENS_GREAT_EXPECTATIONS_022__paraphrase,dickens,paraphrase,train
DICKENS_GREAT_EXPECTATIONS_022__modernize,dickens,modernize,train
DICKENS_GREAT_EXPECTATIONS_022__simplify,dickens,simplify,train
DICKENS_GREAT_EXPECTATIONS_023__original,dickens,original,train
DICKENS_GREAT_EXPECTATIONS_023__paraphrase,dickens,paraphrase,train
DICKENS_GREAT_EXPECTATIONS_023__modernize,dickens,modernize,train
DICKENS_GREAT_EXPECTATIONS_023__simplify,dickens,simplify,train
DICKENS_GREAT_EXPECTATIONS_024__original,dickens,original,train
DICKENS_GREAT_EXPECTATIONS_024__paraphrase,dickens,paraphrase,train
DICKENS_GREAT_EXPECTATIONS_024__modernize,dickens,modernize,train
DICKENS_GREAT_EXPECTATIONS_024__simplify,dickens,simplify,train
DICKENS_GREAT_EXPECTATIONS_025__original,dickens,original,train
DICKENS_GREAT_EXPECTATIONS_025__paraphrase,dickens,paraphrase,train
DICKENS_GREAT_EXPECTATIONS_025__modernize,dickens,modernize,train
DICKENS_GREAT_EXPECTATIONS_025__simplify,dickens,simplify,train
DICKENS_GREAT_EXPECTATIONS_026__original,dickens,original,train
DICKENS_GREAT_EXPECTATIONS_026__paraphrase,dickens,paraphrase,train
DICKENS_GREAT_EXPECTATIONS_026__modernize,dickens,modernize,train
DICKENS_GREAT_EXPECTATIONS_026__simplify,dickens,simplify,train
DICKENS_GREAT_EXPECTATIONS_027__original,dickens,original,train
DICKENS_GREAT_EXPECTATIONS_027__paraphrase,dickens,paraphrase,train
DICKENS_GREAT_EXPECTATIONS_027__modernize,dickens,modernize,train
DICKENS_GREAT_EXPECTATIONS_027__simplify,dickens,simplify,train
DICKENS_GREAT_EXPECTATIONS_028__original,dickens,original,train
DICKENS_GREAT_EXPECTATIONS_028__paraphrase,dickens,paraphrase,train
DICKENS_GREAT_EXPECTATIONS_028__modernize,dickens,modernize,train
DICKENS_GREAT_EXPECTATIONS_028__simplify,dickens,simplify,train
DICKENS_GREAT_EXPECTATIONS_029__original,dickens,original,train
DICKENS_GREAT_EXPECTATIONS_029__paraphrase,dickens,paraphrase,train
DICKENS_GREAT_EXPECTATIONS_029__modernize,dickens,modernize,train
DICKENS_GREAT_EXPECTATIONS_029__simplify,dickens,simplify,train
DICKENS_GREAT_EXPECTATIONS_030__original,dickens,original,train
DICKENS_GREAT_EXPECTATIONS_030__paraphrase,dickens,paraphrase,train
DICKENS_GREAT_EXPECTATIONS_030__modernize,dickens,modernize,train
DICKENS_GREAT_EXPECTATIONS_030__simplify,dickens,simplify,train
DICKENS_OLIVER_TWIST_001__original,dickens,original,train
DICKENS_OLIVER_TWIST_001__paraphrase,dickens,paraphrase,train
DICKENS_OLIVER_TWIST_001__modernize,dickens,modernize,train
DICKENS_OLIVER_TWIST_001__simplify,dickens,simplify,train
DICKENS_OLIVER_TWIST_002__original,dickens,original,train
DICKENS_OLIVER_TWIST_002__paraphrase,dickens,paraphrase,train
DICKENS_OLIVER_TWIST_002__modernize,dickens,modernize,train
DICKENS_OLIVER_TWIST_002__simplify,dickens,simplify,train
DICKENS_OLIVER_TWIST_003__original,dickens,original,train
DICKENS_OLIVER_TWIST_003__paraphrase,dickens,paraphrase,train
DICKENS_OLIVER_TWIST_003__modernize,dickens,modernize,train
DICKENS_OLIVER_TWIST_003__simplify,dickens,simplify,train
DICKENS_OLIVER_TWIST_004__original,dickens,original,train
DICKENS_OLIVER_TWIST_004__paraphrase,dickens,paraphrase,train
DICKENS_OLIVER_TWIST_004__modernize,dickens,modernize,train
DICKENS_OLIVER_TWIST_004__simplify,dickens,simplify,train
DICKENS_OLIVER_TWIST_005__original,dickens,original,train
DICKENS_OLIVER_TWIST_005__paraphrase,dickens,paraphrase,train
DICKENS_OLIVER_TWIST_005__modernize,dickens,modernize,train
DICKENS_OLIVER_TWIST_005__simplify,dickens,simplify,train
DICKENS_OLIVER_TWIST_006__original,dickens,original,train
DICKENS_OLIVER_TWIST_006__paraphrase,dickens,paraphrase,train
DICKENS_OLIVER_TWIST_006__modernize,dickens,modernize,train
DICKENS_OLIVER_TWIST_006__simplify,dickens,simplify,train
DICKENS_OLIVER_TWIST_007__original,dickens,original,train
DICKENS_OLIVER_TWIST_007__paraphrase,dickens,paraphrase,train
DICKENS_OLIVER_TWIST_007__modernize,dickens,modernize,train
DICKENS_OLIVER_TWIST_007__simplify,dickens,simplify,train
DICKENS_OLIVER_TWIST_008__original,dickens,original,train
DICKENS_OLIVER_TWIST_008__paraphrase,dickens,paraphrase,train
DICKENS_OLIVER_TWIST_008__modernize,dickens,modernize,train
DICKENS_OLIVER_TWIST_008__simplify,dickens,simplify,train
DICKENS_OLIVER_TWIST_009__original,dickens,original,train
DICKENS_OLIVER_TWIST_009__paraphrase,dickens,paraphrase,train
DICKENS_OLIVER_TWIST_009__modernize,dickens,modernize,train
DICKENS_OLIVER_TWIST_009__simplify,dickens,simplify,train
DICKENS_OLIVER_TWIST_010__original,dickens,original,train
DICKENS_OLIVER_TWIST_010__paraphrase,dickens,paraphrase,train
DICKENS_OLIVER_TWIST_010__modernize,dickens,modernize,train
DICKENS_OLIVER_TWIST_010__simplify,dickens,simplify,train
DICKENS_OLIVER_TWIST_011__original,dickens,original,train
DICKENS_OLIVER_TWIST_011__paraphrase,dickens,paraphrase,train
DICKENS_OLIVER_TWIST_011__modernize,dickens,modernize,train
DICKENS_OLIVER_TWIST_011__simplify,dickens,simplify,train
DICKENS_OLIVER_TWIST_012__original,dickens,original,train
DICKENS_OLIVER_TWIST_012__paraphrase,dickens,paraphrase,train
DICKENS_OLIVER_TWIST_012__modernize,dickens,modernize,train
DICKENS_OLIVER_TWIST_012__simplify,dickens,simplify,train
DICKENS_OLIVER_TWIST_013__original,dickens,original,validation
DICKENS_OLIVER_TWIST_013__paraphrase,dickens,paraphrase,validation
DICKENS_OLIVER_TWIST_013__modernize,dickens,modernize,validation
DICKENS_OLIVER_TWIST_013__simplify,dickens,simplify,validation
DICKENS_OLIVER_TWIST_014__original,dickens,original,validation
DICKENS_OLIVER_TWIST_014__paraphrase,dickens,paraphrase,validation
DICKENS_OLIVER_TWIST_014__modernize,dickens,modernize,validation
DICKENS_OLIVER_TWIST_014__simplify,dickens,simplify,validation
DICKENS_OLIVER_TWIST_015__original,dickens,original,validation
DICKENS_OLIVER_TWIST_015__paraphrase,dickens,paraphrase,validation
DICKENS_OLIVER_TWIST_015__modernize,dickens,modernize,validation
DICKENS_OLIVER_TWIST_015__simplify,dickens,simplify,validation
DICKENS_OLIVER_TWIST_016__original,dickens,original,validation
DICKENS_OLIVER_TWIST_016__paraphrase,dickens,paraphrase,validation
DICKENS_OLIVER_TWIST_016__modernize,dickens,modernize,validation
DICKENS_OLIVER_TWIST_016__simplify,dickens,simplify,validation
DICKENS_OLIVER_TWIST_017__original,dickens,original,validation
DICKENS_OLIVER_TWIST_017__paraphrase,dickens,paraphrase,validation
DICKENS_OLIVER_TWIST_017__modernize,dickens,modernize,validation
DICKENS_OLIVER_TWIST_017__simplify,dickens,simplify,validation
DICKENS_OLIVER_TWIST_018__original,dickens,original,validation
DICKENS_OLIVER_TWIST_018__paraphrase,dickens,paraphrase,validation
DICKENS_OLIVER_TWIST_018__modernize,dickens,modernize,validation
DICKENS_OLIVER_TWIST_018__simplify,dickens,simplify,validation
DICKENS_OLIVER_TWIST_019__original,dickens,original,validation
DICKENS_OLIVER_TWIST_019__paraphrase,dickens,paraphrase,validation
DICKENS_OLIVER_TWIST_019__modernize,dickens,modernize,validation
DICKENS_OLIVER_TWIST_019__simplify,dickens,simplify,validation
DICKENS_OLIVER_TWIST_020__original,dickens,original,validation
DICKENS_OLIVER_TWIST_020__paraphrase,dickens,paraphrase,validation
DICKENS_OLIVER_TWIST_020__modernize,dickens,modernize,validation
DICKENS_OLIVER_TWIST_020__simplify,dickens,simplify,validation
DICKENS_OLIVER_TWIST_021__original,dickens,original,validation
DICKENS_OLIVER_TWIST_021__paraphrase,dickens,paraphrase,validation
DICKENS_OLIVER_TWIST_021__modernize,dickens,modernize,validation
DICKENS_OLIVER_TWIST_021__simplify,dickens,simplify,validation
DICKENS_OLIVER_TWIST_022__original,dickens,original,test
DICKENS_OLIVER_TWIST_022__paraphrase,dickens,paraphrase,test
DICKENS_OLIVER_TWIST_022__modernize,dickens,modernize,test
DICKENS_OLIVER_TWIST_022__simplify,dickens,simplify,test
DICKENS_OLIVER_TWIST_023__original,dickens,original,test
DICKENS_OLIVER_TWIST_023__paraphrase,dickens,paraphrase,test
DICKENS_OLIVER_TWIST_023__modernize,dickens,modernize,test
DICKENS_OLIVER_TWIST_023__simplify,dickens,simplify,test
DICKENS_OLIVER_TWIST_024__original,dickens,original,test
DICKENS_OLIVER_TWIST_024__paraphrase,dickens,paraphrase,test
DICKENS_OLIVER_TWIST_024__modernize,dickens,modernize,test
DICKENS_OLIVER_TWIST_024__simplify,dickens,simplify,test
DICKENS_OLIVER_TWIST_025__original,dickens,original,test
DICKENS_OLIVER_TWIST_025__paraphrase,dickens,paraphrase,test
DICKENS_OLIVER_TWIST_025__modernize,dickens,modernize,test
DICKENS_OLIVER_TWIST_025__simplify,dickens,simplify,test
DICKENS_OLIVER_TWIST_026__original,dickens,original,test
DICKENS_OLIVER_TWIST_026__paraphrase,dickens,paraphrase,test
DICKENS_OLIVER_TWIST_026__modernize,dickens,modernize,test
DICKENS_OLIVER_TWIST_026__simplify,dickens,simplify,test
DICKENS_OLIVER_TWIST_027__original,dickens,original,test
DICKENS_OLIVER_TWIST_027__paraphrase,dickens,paraphrase,test
DICKENS_OLIVER_TWIST_027__modernize,dickens,modernize,test
DICKENS_OLIVER_TWIST_027__simplify,dickens,simplify,test
DICKENS_OLIVER_TWIST_028__original,dickens,original,test
DICKENS_OLIVER_TWIST_028__paraphrase,dickens,paraphrase,test
DICKENS_OLIVER_TWIST_028__modernize,dickens,modernize,test
DICKENS_OLIVER_TWIST_028__simplify,dickens,simplify,test
DICKENS_OLIVER_TWIST_029__original,dickens,original,test
DICKENS_OLIVER_TWIST_029__paraphrase,dickens,paraphrase,test
DICKENS_OLIVER_TWIST_029__modernize,dickens,modernize,test
DICKENS_OLIVER_TWIST_029__simplify,dickens,simplify,test
DICKENS_OLIVER_TWIST_030__original,dickens,original,test
DICKENS_OLIVER_TWIST_030__paraphrase,dickens,paraphrase,test
DICKENS_OLIVER_TWIST_030__modernize,dickens,modernize,test
DICKENS_OLIVER_TWIST_030__simplify,dickens,simplify,test
POE_WORKS_VOLUME_1_001__original,poe,original,train
POE_WORKS_VOLUME_1_001__paraphrase,poe,paraphrase,train
POE_WORKS_VOLUME_1_001__modernize,poe,modernize,train
POE_WORKS_VOLUME_1_001__simplify,poe,simplify,train
POE_WORKS_VOLUME_1_002__original,poe,original,train
POE_WORKS_VOLUME_1_002__paraphrase,poe,paraphrase,train
POE_WORKS_VOLUME_1_002__modernize,poe,modernize,train
POE_WORKS_VOLUME_1_002__simplify,poe,simplify,train
POE_WORKS_VOLUME_1_003__original,poe,original,train
POE_WORKS_VOLUME_1_003__paraphrase,poe,paraphrase,train
POE_WORKS_VOLUME_1_003__modernize,poe,modernize,train
POE_WORKS_VOLUME_1_003__simplify,poe,simplify,train
POE_WORKS_VOLUME_1_004__original,poe,original,train
POE_WORKS_VOLUME_1_004__paraphrase,poe,paraphrase,train
POE_WORKS_VOLUME_1_004__modernize,poe,modernize,train
POE_WORKS_VOLUME_1_004__simplify,poe,simplify,train
POE_WORKS_VOLUME_1_005__original,poe,original,train
POE_WORKS_VOLUME_1_005__paraphrase,poe,paraphrase,train
POE_WORKS_VOLUME_1_005__modernize,poe,modernize,train
POE_WORKS_VOLUME_1_005__simplify,poe,simplify,train
POE_WORKS_VOLUME_1_006__original,poe,original,train
POE_WORKS_VOLUME_1_006__paraphrase,poe,paraphrase,train
POE_WORKS_VOLUME_1_006__modernize,poe,modernize,train
POE_WORKS_VOLUME_1_006__simplify,poe,simplify,train
POE_WORKS_VOLUME_1_007__original,poe,original,train
POE_WORKS_VOLUME_1_007__paraphrase,poe,paraphrase,train
POE_WORKS_VOLUME_1_007__modernize,poe,modernize,train
POE_WORKS_VOLUME_1_007__simplify,poe,simplify,train
POE_WORKS_VOLUME_1_008__original,poe,original,train
POE_WORKS_VOLUME_1_008__paraphrase,poe,paraphrase,train
POE_WORKS_VOLUME_1_008__modernize,poe,modernize,train
POE_WORKS_VOLUME_1_008__simplify,poe,simplify,train
POE_WORKS_VOLUME_1_009__original,poe,original,train
POE_WORKS_VOLUME_1_009__paraphrase,poe,paraphrase,train
POE_WORKS_VOLUME_1_009__modernize,poe,modernize,train
POE_WORKS_VOLUME_1_009__simplify,poe,simplify,train
POE_WORKS_VOLUME_1_010__original,poe,original,train
POE_WORKS_VOLUME_1_010__paraphrase,poe,paraphrase,train
POE_WORKS_VOLUME_1_010__modernize,poe,modernize,train
POE_WORKS_VOLUME_1_010__simplify,poe,simplify,train
POE_WORKS_VOLUME_1_011__original,poe,original,train
POE_WORKS_VOLUME_1_011__paraphrase,poe,paraphrase,train
POE_WORKS_VOLUME_1_011__modernize,poe,modernize,train
POE_WORKS_VOLUME_1_011__simplify,poe,simplify,train
POE_WORKS_VOLUME_1_012__original,poe,original,train
POE_WORKS_VOLUME_1_012__paraphrase,poe,paraphrase,train
POE_WORKS_VOLUME_1_012__modernize,poe,modernize,train
POE_WORKS_VOLUME_1_012__simplify,poe,simplify,train
POE_WORKS_VOLUME_1_013__original,poe,original,train
POE_WORKS_VOLUME_1_013__paraphrase,poe,paraphrase,train
POE_WORKS_VOLUME_1_013__modernize,poe,modernize,train
POE_WORKS_VOLUME_1_013__simplify,poe,simplify,train
POE_WORKS_VOLUME_1_014__original,poe,original,train
POE_WORKS_VOLUME_1_014__paraphrase,poe,paraphrase,train
POE_WORKS_VOLUME_1_014__modernize,poe,modernize,train
POE_WORKS_VOLUME_1_014__simplify,poe,simplify,train
POE_WORKS_VOLUME_1_015__original,poe,original,train
POE_WORKS_VOLUME_1_015__paraphrase,poe,paraphrase,train
POE_WORKS_VOLUME_1_015__modernize,poe,modernize,train
POE_WORKS_VOLUME_1_015__simplify,poe,simplify,train
POE_WORKS_VOLUME_1_016__original,poe,original,train
POE_WORKS_VOLUME_1_016__paraphrase,poe,paraphrase,train
POE_WORKS_VOLUME_1_016__modernize,poe,modernize,train
POE_WORKS_VOLUME_1_016__simplify,poe,simplify,train
POE_WORKS_VOLUME_1_017__original,poe,original,train
POE_WORKS_VOLUME_1_017__paraphrase,poe,paraphrase,train
POE_WORKS_VOLUME_1_017__modernize,poe,modernize,train
POE_WORKS_VOLUME_1_017__simplify,poe,simplify,train
POE_WORKS_VOLUME_1_018__original,poe,original,train
POE_WORKS_VOLUME_1_018__paraphrase,poe,paraphrase,train
POE_WORKS_VOLUME_1_018__modernize,poe,modernize,train
POE_WORKS_VOLUME_1_018__simplify,poe,simplify,train
POE_WORKS_VOLUME_1_019__original,poe,original,train
POE_WORKS_VOLUME_1_019__paraphrase,poe,paraphrase,train
POE_WORKS_VOLUME_1_019__modernize,poe,modernize,train
POE_WORKS_VOLUME_1_019__simplify,poe,simplify,train
POE_WORKS_VOLUME_1_020__original,poe,original,train
POE_WORKS_VOLUME_1_020__paraphrase,poe,paraphrase,train
POE_WORKS_VOLUME_1_020__modernize,poe,modernize,train
POE_WORKS_VOLUME_1_020__simplify,poe,simplify,train
POE_WORKS_VOLUME_1_021__original,poe,original,train
POE_WORKS_VOLUME_1_021__paraphrase,poe,paraphrase,train
POE_WORKS_VOLUME_1_021__modernize,poe,modernize,train
POE_WORKS_VOLUME_1_021__simplify,poe,simplify,train
POE_WORKS_VOLUME_1_022__original,poe,original,train
POE_WORKS_VOLUME_1_022__paraphrase,poe,paraphrase,train
POE_WORKS_VOLUME_1_022__modernize,poe,modernize,train
POE_WORKS_VOLUME_1_022__simplify,poe,simplify,train
POE_WORKS_VOLUME_1_023__original,poe,original,train
POE_WORKS_VOLUME_1_023__paraphrase,poe,paraphrase,train
POE_WORKS_VOLUME_1_023__modernize,poe,modernize,train
POE_WORKS_VOLUME_1_023__simplify,poe,simplify,train
POE_WORKS_VOLUME_1_024__original,poe,original,train
POE_WORKS_VOLUME_1_024__paraphrase,poe,paraphrase,train
POE_WORKS_VOLUME_1_024__modernize,poe,modernize,train
POE_WORKS_VOLUME_1_024__simplify,poe,simplify,train
POE_WORKS_VOLUME_1_025__original,poe,original,train
POE_WORKS_VOLUME_1_025__paraphrase,poe,paraphrase,train
POE_WORKS_VOLUME_1_025__modernize,poe,modernize,train
POE_WORKS_VOLUME_1_025__simplify,poe,simplify,train
POE_WORKS_VOLUME_1_026__original,poe,original,train
POE_WORKS_VOLUME_1_026__paraphrase,poe,paraphrase,train
POE_WORKS_VOLUME_1_026__modernize,poe,modernize,train
POE_WORKS_VOLUME_1_026__simplify,poe,simplify,train
POE_WORKS_VOLUME_1_027__original,poe,original,train
POE_WORKS_VOLUME_1_027__paraphrase,poe,paraphrase,train
POE_WORKS_VOLUME_1_027__modernize,poe,modernize,train
POE_WORKS_VOLUME_1_027__simplify,poe,simplify,train
POE_WORKS_VOLUME_1_028__original,poe,original,train
POE_WORKS_VOLUME_1_028__paraphrase,poe,paraphrase,train
POE_WORKS_VOLUME_1_028__modernize,poe,modernize,train
POE_WORKS_VOLUME_1_028__simplify,poe,simplify,train
POE_WORKS_VOLUME_1_029__original,poe,original,train
POE_WORKS_VOLUME_1_029__paraphrase,poe,paraphrase,train
POE_WORKS_VOLUME_1_029__modernize,poe,modernize,train
POE_WORKS_VOLUME_1_029__simplify,poe,simplify,train
POE_WORKS_VOLUME_1_030__original,poe,original,train
POE_WORKS_VOLUME_1_030__paraphrase,poe,paraphrase,train
POE_WORKS_VOLUME_1_030__modernize,poe,modernize,train
POE_WORKS_VOLUME_1_030__simplify,poe,simplify,train
POE_WORKS_VOLUME_2_001__original,poe,original,train
POE_WORKS_VOLUME_2_001__paraphrase,poe,paraphrase,train
POE_WORKS_VOLUME_2_001__modernize,poe,modernize,train
POE_WORKS_VOLUME_2_001__simplify,poe,simplify,train
POE_WORKS_VOLUME_2_002__original,poe,original,train
POE_WORKS_VOLUME_2_002__paraphrase,poe,paraphrase,train
POE_WORKS_VOLUME_2_002__modernize,poe,modernize,train
POE_WORKS_VOLUME_2_002__simplify,poe,simplify,train
POE_WORKS_VOLUME_2_003__original,poe,original,train
POE_WORKS_VOLUME_2_003__paraphrase,poe,paraphrase,train
POE_WORKS_VOLUME_2_003__modernize,poe,modernize,train
POE_WORKS_VOLUME_2_003__simplify,poe,simplify,train
POE_WORKS_VOLUME_2_004__original,poe,original,train
POE_WORKS_VOLUME_2_004__paraphrase,poe,paraphrase,train
POE_WORKS_VOLUME_2_004__modernize,poe,modernize,train
POE_WORKS_VOLUME_2_004__simplify,poe,simplify,train
POE_WORKS_VOLUME_2_005__original,poe,original,train
POE_WORKS_VOLUME_2_005__paraphrase,poe,paraphrase,train
POE_WORKS_VOLUME_2_005__modernize,poe,modernize,train
POE_WORKS_VOLUME_2_005__simplify,poe,simplify,train
POE_WORKS_VOLUME_2_006__original,poe,original,train
POE_WORKS_VOLUME_2_006__paraphrase,poe,paraphrase,train
POE_WORKS_VOLUME_2_006__modernize,poe,modernize,train
POE_WORKS_VOLUME_2_006__simplify,poe,simplify,train
POE_WORKS_VOLUME_2_007__original,poe,original,train
POE_WORKS_VOLUME_2_007__paraphrase,poe,paraphrase,train
POE_WORKS_VOLUME_2_007__modernize,poe,modernize,train
POE_WORKS_VOLUME_2_007__simplify,poe,simplify,train
POE_WORKS_VOLUME_2_008__original,poe,original,train
POE_WORKS_VOLUME_2_008__paraphrase,poe,paraphrase,train
POE_WORKS_VOLUME_2_008__modernize,poe,modernize,train
POE_WORKS_VOLUME_2_008__simplify,poe,simplify,train
POE_WORKS_VOLUME_2_009__original,poe,original,train
POE_WORKS_VOLUME_2_009__paraphrase,poe,paraphrase,train
POE_WORKS_VOLUME_2_009__modernize,poe,modernize,train
POE_WORKS_VOLUME_2_009__simplify,poe,simplify,train
POE_WORKS_VOLUME_2_010__original,poe,original,train
POE_WORKS_VOLUME_2_010__paraphrase,poe,paraphrase,train
POE_WORKS_VOLUME_2_010__modernize,poe,modernize,train
POE_WORKS_VOLUME_2_010__simplify,poe,simplify,train
POE_WORKS_VOLUME_2_011__original,poe,original,train
POE_WORKS_VOLUME_2_011__paraphrase,poe,paraphrase,train
POE_WORKS_VOLUME_2_011__modernize,poe,modernize,train
POE_WORKS_VOLUME_2_011__simplify,poe,simplify,train
POE_WORKS_VOLUME_2_012__original,poe,original,train
POE_WORKS_VOLUME_2_012__paraphrase,poe,paraphrase,train
POE_WORKS_VOLUME_2_012__modernize,poe,modernize,train
POE_WORKS_VOLUME_2_012__simplify,poe,simplify,train
POE_WORKS_VOLUME_2_013__original,poe,original,validation
POE_WORKS_VOLUME_2_013__paraphrase,poe,paraphrase,validation
POE_WORKS_VOLUME_2_013__modernize,poe,modernize,validation
POE_WORKS_VOLUME_2_013__simplify,poe,simplify,validation
POE_WORKS_VOLUME_2_014__original,poe,original,validation
POE_WORKS_VOLUME_2_014__paraphrase,poe,paraphrase,validation
POE_WORKS_VOLUME_2_014__modernize,poe,modernize,validation
POE_WORKS_VOLUME_2_014__simplify,poe,simplify,validation
POE_WORKS_VOLUME_2_015__original,poe,original,validation
POE_WORKS_VOLUME_2_015__paraphrase,poe,paraphrase,validation
POE_WORKS_VOLUME_2_015__modernize,poe,modernize,validation
POE_WORKS_VOLUME_2_015__simplify,poe,simplify,validation
POE_WORKS_VOLUME_2_016__original,poe,original,validation
POE_WORKS_VOLUME_2_016__paraphrase,poe,paraphrase,validation
POE_WORKS_VOLUME_2_016__modernize,poe,modernize,validation
POE_WORKS_VOLUME_2_016__simplify,poe,simplify,validation
POE_WORKS_VOLUME_2_017__original,poe,original,validation
POE_WORKS_VOLUME_2_017__paraphrase,poe,paraphrase,validation
POE_WORKS_VOLUME_2_017__modernize,poe,modernize,validation
POE_WORKS_VOLUME_2_017__simplify,poe,simplify,validation
POE_WORKS_VOLUME_2_018__original,poe,original,validation
POE_WORKS_VOLUME_2_018__paraphrase,poe,paraphrase,validation
POE_WORKS_VOLUME_2_018__modernize,poe,modernize,validation
POE_WORKS_VOLUME_2_018__simplify,poe,simplify,validation
POE_WORKS_VOLUME_2_019__original,poe,original,validation
POE_WORKS_VOLUME_2_019__paraphrase,poe,paraphrase,validation
POE_WORKS_VOLUME_2_019__modernize,poe,modernize,validation
POE_WORKS_VOLUME_2_019__simplify,poe,simplify,validation
POE_WORKS_VOLUME_2_020__original,poe,original,validation
POE_WORKS_VOLUME_2_020__paraphrase,poe,paraphrase,validation
POE_WORKS_VOLUME_2_020__modernize,poe,modernize,validation
POE_WORKS_VOLUME_2_020__simplify,poe,simplify,validation
POE_WORKS_VOLUME_2_021__original,poe,original,validation
POE_WORKS_VOLUME_2_021__paraphrase,poe,paraphrase,validation
POE_WORKS_VOLUME_2_021__modernize,poe,modernize,validation
POE_WORKS_VOLUME_2_021__simplify,poe,simplify,validation
POE_WORKS_VOLUME_2_022__original,poe,original,test
POE_WORKS_VOLUME_2_022__paraphrase,poe,paraphrase,test
POE_WORKS_VOLUME_2_022__modernize,poe,modernize,test
POE_WORKS_VOLUME_2_022__simplify,poe,simplify,test
POE_WORKS_VOLUME_2_023__original,poe,original,test
POE_WORKS_VOLUME_2_023__paraphrase,poe,paraphrase,test
POE_WORKS_VOLUME_2_023__modernize,poe,modernize,test
POE_WORKS_VOLUME_2_023__simplify,poe,simplify,test
POE_WORKS_VOLUME_2_024__original,poe,original,test
POE_WORKS_VOLUME_2_024__paraphrase,poe,paraphrase,test
POE_WORKS_VOLUME_2_024__modernize,poe,modernize,test
POE_WORKS_VOLUME_2_024__simplify,poe,simplify,test
POE_WORKS_VOLUME_2_025__original,poe,original,test
POE_WORKS_VOLUME_2_025__paraphrase,poe,paraphrase,test
POE_WORKS_VOLUME_2_025__modernize,poe,modernize,test
POE_WORKS_VOLUME_2_025__simplify,poe,simplify,test
POE_WORKS_VOLUME_2_026__original,poe,original,test
POE_WORKS_VOLUME_2_026__paraphrase,poe,paraphrase,test
POE_WORKS_VOLUME_2_026__modernize,poe,modernize,test
POE_WORKS_VOLUME_2_026__simplify,poe,simplify,test
POE_WORKS_VOLUME_2_027__original,poe,original,test
POE_WORKS_VOLUME_2_027__paraphrase,poe,paraphrase,test
POE_WORKS_VOLUME_2_027__modernize,poe,modernize,test
POE_WORKS_VOLUME_2_027__simplify,poe,simplify,test
POE_WORKS_VOLUME_2_028__original,poe,original,test
POE_WORKS_VOLUME_2_028__paraphrase,poe,paraphrase,test
POE_WORKS_VOLUME_2_028__modernize,poe,modernize,test
POE_WORKS_VOLUME_2_028__simplify,poe,simplify,test
POE_WORKS_VOLUME_2_029__original,poe,original,test
POE_WORKS_VOLUME_2_029__paraphrase,poe,paraphrase,test
POE_WORKS_VOLUME_2_029__modernize,poe,modernize,test
POE_WORKS_VOLUME_2_029__simplify,poe,simplify,test
POE_WORKS_VOLUME_2_030__original,poe,original,test
POE_WORKS_VOLUME_2_030__paraphrase,poe,paraphrase,test
POE_WORKS_VOLUME_2_030__modernize,poe,modernize,test
POE_WORKS_VOLUME_2_030__simplify,poe,simplify,test
SHELLEY_FRANKENSTEIN_001__original,shelley,original,train
SHELLEY_FRANKENSTEIN_001__paraphrase,shelley,paraphrase,train
SHELLEY_FRANKENSTEIN_001__modernize,shelley,modernize,train
SHELLEY_FRANKENSTEIN_001__simplify,shelley,simplify,train
SHELLEY_FRANKENSTEIN_002__original,shelley,original,train
SHELLEY_FRANKENSTEIN_002__paraphrase,shelley,paraphrase,train
SHELLEY_FRANKENSTEIN_002__modernize,shelley,modernize,train
SHELLEY_FRANKENSTEIN_002__simplify,shelley,simplify,train
SHELLEY_FRANKENSTEIN_003__original,shelley,original,train
SHELLEY_FRANKENSTEIN_003__paraphrase,shelley,paraphrase,train
SHELLEY_FRANKENSTEIN_003__modernize,shelley,modernize,train
SHELLEY_FRANKENSTEIN_003__simplify,shelley,simplify,train
SHELLEY_FRANKENSTEIN_004__original,shelley,original,train
SHELLEY_FRANKENSTEIN_004__paraphrase,shelley,paraphrase,train
SHELLEY_FRANKENSTEIN_004__modernize,shelley,modernize,train
SHELLEY_FRANKENSTEIN_004__simplify,shelley,simplify,train
SHELLEY_FRANKENSTEIN_005__original,shelley,original,train
SHELLEY_FRANKENSTEIN_005__paraphrase,shelley,paraphrase,train
SHELLEY_FRANKENSTEIN_005__modernize,shelley,modernize,train
SHELLEY_FRANKENSTEIN_005__simplify,shelley,simplify,train
SHELLEY_FRANKENSTEIN_006__original,shelley,original,train
SHELLEY_FRANKENSTEIN_006__paraphrase,shelley,paraphrase,train
SHELLEY_FRANKENSTEIN_006__modernize,shelley,modernize,train
SHELLEY_FRANKENSTEIN_006__simplify,shelley,simplify,train
SHELLEY_FRANKENSTEIN_007__original,shelley,original,train
SHELLEY_FRANKENSTEIN_007__paraphrase,shelley,paraphrase,train
SHELLEY_FRANKENSTEIN_007__modernize,shelley,modernize,train
SHELLEY_FRANKENSTEIN_007__simplify,shelley,simplify,train
SHELLEY_FRANKENSTEIN_008__original,shelley,original,train
SHELLEY_FRANKENSTEIN_008__paraphrase,shelley,paraphrase,train
SHELLEY_FRANKENSTEIN_008__modernize,shelley,modernize,train
SHELLEY_FRANKENSTEIN_008__simplify,shelley,simplify,train
SHELLEY_FRANKENSTEIN_009__original,shelley,original,train
SHELLEY_FRANKENSTEIN_009__paraphrase,shelley,paraphrase,train
SHELLEY_FRANKENSTEIN_009__modernize,shelley,modernize,train
SHELLEY_FRANKENSTEIN_009__simplify,shelley,simplify,train
SHELLEY_FRANKENSTEIN_010__original,shelley,original,train
SHELLEY_FRANKENSTEIN_010__paraphrase,shelley,paraphrase,train
SHELLEY_FRANKENSTEIN_010__modernize,shelley,modernize,train
SHELLEY_FRANKENSTEIN_010__simplify,shelley,simplify,train
SHELLEY_FRANKENSTEIN_011__original,shelley,original,train
SHELLEY_FRANKENSTEIN_011__paraphrase,shelley,paraphrase,train
SHELLEY_FRANKENSTEIN_011__modernize,shelley,modernize,train
SHELLEY_FRANKENSTEIN_011__simplify,shelley,simplify,train
SHELLEY_FRANKENSTEIN_012__original,shelley,original,train
SHELLEY_FRANKENSTEIN_012__paraphrase,shelley,paraphrase,train
SHELLEY_FRANKENSTEIN_012__modernize,shelley,modernize,train
SHELLEY_FRANKENSTEIN_012__simplify,shelley,simplify,train
SHELLEY_FRANKENSTEIN_013__original,shelley,original,train
SHELLEY_FRANKENSTEIN_013__paraphrase,shelley,paraphrase,train
SHELLEY_FRANKENSTEIN_013__modernize,shelley,modernize,train
SHELLEY_FRANKENSTEIN_013__simplify,shelley,simplify,train
SHELLEY_FRANKENSTEIN_014__original,shelley,original,train
SHELLEY_FRANKENSTEIN_014__paraphrase,shelley,paraphrase,train
SHELLEY_FRANKENSTEIN_014__modernize,shelley,modernize,train
SHELLEY_FRANKENSTEIN_014__simplify,shelley,simplify,train
SHELLEY_FRANKENSTEIN_015__original,shelley,original,train
SHELLEY_FRANKENSTEIN_015__paraphrase,shelley,paraphrase,train
SHELLEY_FRANKENSTEIN_015__modernize,shelley,modernize,train
SHELLEY_FRANKENSTEIN_015__simplify,shelley,simplify,train
SHELLEY_FRANKENSTEIN_016__original,shelley,original,train
SHELLEY_FRANKENSTEIN_016__paraphrase,shelley,paraphrase,train
SHELLEY_FRANKENSTEIN_016__modernize,shelley,modernize,train
SHELLEY_FRANKENSTEIN_016__simplify,shelley,simplify,train
SHELLEY_FRANKENSTEIN_017__original,shelley,original,train
SHELLEY_FRANKENSTEIN_017__paraphrase,shelley,paraphrase,train
SHELLEY_FRANKENSTEIN_017__modernize,shelley,modernize,train
SHELLEY_FRANKENSTEIN_017__simplify,shelley,simplify,train
SHELLEY_FRANKENSTEIN_018__original,shelley,original,train
SHELLEY_FRANKENSTEIN_018__paraphrase,shelley,paraphrase,train
SHELLEY_FRANKENSTEIN_018__modernize,shelley,modernize,train
SHELLEY_FRANKENSTEIN_018__simplify,shelley,simplify,train
SHELLEY_FRANKENSTEIN_019__original,shelley,original,train
SHELLEY_FRANKENSTEIN_019__paraphrase,shelley,paraphrase,train
SHELLEY_FRANKENSTEIN_019__modernize,shelley,modernize,train
SHELLEY_FRANKENSTEIN_019__simplify,shelley,simplify,train
SHELLEY_FRANKENSTEIN_020__original,shelley,original,train
SHELLEY_FRANKENSTEIN_020__paraphrase,shelley,paraphrase,train
SHELLEY_FRANKENSTEIN_020__modernize,shelley,modernize,train
SHELLEY_FRANKENSTEIN_020__simplify,shelley,simplify,train
SHELLEY_FRANKENSTEIN_021__original,shelley,original,train
SHELLEY_FRANKENSTEIN_021__paraphrase,shelley,paraphrase,train
SHELLEY_FRANKENSTEIN_021__modernize,shelley,modernize,train
SHELLEY_FRANKENSTEIN_021__simplify,shelley,simplify,train
SHELLEY_FRANKENSTEIN_022__original,shelley,original,train
SHELLEY_FRANKENSTEIN_022__paraphrase,shelley,paraphrase,train
SHELLEY_FRANKENSTEIN_022__modernize,shelley,modernize,train
SHELLEY_FRANKENSTEIN_022__simplify,shelley,simplify,train
SHELLEY_FRANKENSTEIN_023__original,shelley,original,train
SHELLEY_FRANKENSTEIN_023__paraphrase,shelley,paraphrase,train
SHELLEY_FRANKENSTEIN_023__modernize,shelley,modernize,train
SHELLEY_FRANKENSTEIN_023__simplify,shelley,simplify,train
SHELLEY_FRANKENSTEIN_024__original,shelley,original,train
SHELLEY_FRANKENSTEIN_024__paraphrase,shelley,paraphrase,train
SHELLEY_FRANKENSTEIN_024__modernize,shelley,modernize,train
SHELLEY_FRANKENSTEIN_024__simplify,shelley,simplify,train
SHELLEY_FRANKENSTEIN_025__original,shelley,original,train
SHELLEY_FRANKENSTEIN_025__paraphrase,shelley,paraphrase,train
SHELLEY_FRANKENSTEIN_025__modernize,shelley,modernize,train
SHELLEY_FRANKENSTEIN_025__simplify,shelley,simplify,train
SHELLEY_FRANKENSTEIN_026__original,shelley,original,train
SHELLEY_FRANKENSTEIN_026__paraphrase,shelley,paraphrase,train
SHELLEY_FRANKENSTEIN_026__modernize,shelley,modernize,train
SHELLEY_FRANKENSTEIN_026__simplify,shelley,simplify,train
SHELLEY_FRANKENSTEIN_027__original,shelley,original,train
SHELLEY_FRANKENSTEIN_027__paraphrase,shelley,paraphrase,train
SHELLEY_FRANKENSTEIN_027__modernize,shelley,modernize,train
SHELLEY_FRANKENSTEIN_027__simplify,shelley,simplify,train
SHELLEY_FRANKENSTEIN_028__original,shelley,original,train
SHELLEY_FRANKENSTEIN_028__paraphrase,shelley,paraphrase,train
SHELLEY_FRANKENSTEIN_028__modernize,shelley,modernize,train
SHELLEY_FRANKENSTEIN_028__simplify,shelley,simplify,train
SHELLEY_FRANKENSTEIN_029__original,shelley,original,train
SHELLEY_FRANKENSTEIN_029__paraphrase,shelley,paraphrase,train
SHELLEY_FRANKENSTEIN_029__modernize,shelley,modernize,train
SHELLEY_FRANKENSTEIN_029__simplify,shelley,simplify,train
SHELLEY_FRANKENSTEIN_030__original,shelley,original,train
SHELLEY_FRANKENSTEIN_030__paraphrase,shelley,paraphrase,train
SHELLEY_FRANKENSTEIN_030__modernize,shelley,modernize,train
SHELLEY_FRANKENSTEIN_030__simplify,shelley,simplify,train
SHELLEY_THE_LAST_MAN_001__original,shelley,original,train
SHELLEY_THE_LAST_MAN_001__paraphrase,shelley,paraphrase,train
SHELLEY_THE_LAST_MAN_001__modernize,shelley,modernize,train
SHELLEY_THE_LAST_MAN_001__simplify,shelley,simplify,train
SHELLEY_THE_LAST_MAN_002__original,shelley,original,train
SHELLEY_THE_LAST_MAN_002__paraphrase,shelley,paraphrase,train
SHELLEY_THE_LAST_MAN_002__modernize,shelley,modernize,train
SHELLEY_THE_LAST_MAN_002__simplify,shelley,simplify,train
SHELLEY_THE_LAST_MAN_003__original,shelley,original,train
SHELLEY_THE_LAST_MAN_003__paraphrase,shelley,paraphrase,train
SHELLEY_THE_LAST_MAN_003__modernize,shelley,modernize,train
SHELLEY_THE_LAST_MAN_003__simplify,shelley,simplify,train
SHELLEY_THE_LAST_MAN_004__original,shelley,original,train
SHELLEY_THE_LAST_MAN_004__paraphrase,shelley,paraphrase,train
SHELLEY_THE_LAST_MAN_004__modernize,shelley,modernize,train
SHELLEY_THE_LAST_MAN_004__simplify,shelley,simplify,train
SHELLEY_THE_LAST_MAN_005__original,shelley,original,train
SHELLEY_THE_LAST_MAN_005__paraphrase,shelley,paraphrase,train
SHELLEY_THE_LAST_MAN_005__modernize,shelley,modernize,train
SHELLEY_THE_LAST_MAN_005__simplify,shelley,simplify,train
SHELLEY_THE_LAST_MAN_006__original,shelley,original,train
SHELLEY_THE_LAST_MAN_006__paraphrase,shelley,paraphrase,train
SHELLEY_THE_LAST_MAN_006__modernize,shelley,modernize,train
SHELLEY_THE_LAST_MAN_006__simplify,shelley,simplify,train
SHELLEY_THE_LAST_MAN_007__original,shelley,original,train
SHELLEY_THE_LAST_MAN_007__paraphrase,shelley,paraphrase,train
SHELLEY_THE_LAST_MAN_007__modernize,shelley,modernize,train
SHELLEY_THE_LAST_MAN_007__simplify,shelley,simplify,train
SHELLEY_THE_LAST_MAN_008__original,shelley,original,train
SHELLEY_THE_LAST_MAN_008__paraphrase,shelley,paraphrase,train
SHELLEY_THE_LAST_MAN_008__modernize,shelley,modernize,train
SHELLEY_THE_LAST_MAN_008__simplify,shelley,simplify,train
SHELLEY_THE_LAST_MAN_009__original,shelley,original,train
SHELLEY_THE_LAST_MAN_009__paraphrase,shelley,paraphrase,train
SHELLEY_THE_LAST_MAN_009__modernize,shelley,modernize,train
SHELLEY_THE_LAST_MAN_009__simplify,shelley,simplify,train
SHELLEY_THE_LAST_MAN_010__original,shelley,original,train
SHELLEY_THE_LAST_MAN_010__paraphrase,shelley,paraphrase,train
SHELLEY_THE_LAST_MAN_010__modernize,shelley,modernize,train
SHELLEY_THE_LAST_MAN_010__simplify,shelley,simplify,train
SHELLEY_THE_LAST_MAN_011__original,shelley,original,train
SHELLEY_THE_LAST_MAN_011__paraphrase,shelley,paraphrase,train
SHELLEY_THE_LAST_MAN_011__modernize,shelley,modernize,train
SHELLEY_THE_LAST_MAN_011__simplify,shelley,simplify,train
SHELLEY_THE_LAST_MAN_012__original,shelley,original,train
SHELLEY_THE_LAST_MAN_012__paraphrase,shelley,paraphrase,train
SHELLEY_THE_LAST_MAN_012__modernize,shelley,modernize,train
SHELLEY_THE_LAST_MAN_012__simplify,shelley,simplify,train
SHELLEY_THE_LAST_MAN_013__original,shelley,original,validation
SHELLEY_THE_LAST_MAN_013__paraphrase,shelley,paraphrase,validation
SHELLEY_THE_LAST_MAN_013__modernize,shelley,modernize,validation
SHELLEY_THE_LAST_MAN_013__simplify,shelley,simplify,validation
SHELLEY_THE_LAST_MAN_014__original,shelley,original,validation
SHELLEY_THE_LAST_MAN_014__paraphrase,shelley,paraphrase,validation
SHELLEY_THE_LAST_MAN_014__modernize,shelley,modernize,validation
SHELLEY_THE_LAST_MAN_014__simplify,shelley,simplify,validation
SHELLEY_THE_LAST_MAN_015__original,shelley,original,validation
SHELLEY_THE_LAST_MAN_015__paraphrase,shelley,paraphrase,validation
SHELLEY_THE_LAST_MAN_015__modernize,shelley,modernize,validation
SHELLEY_THE_LAST_MAN_015__simplify,shelley,simplify,validation
SHELLEY_THE_LAST_MAN_016__original,shelley,original,validation
SHELLEY_THE_LAST_MAN_016__paraphrase,shelley,paraphrase,validation
SHELLEY_THE_LAST_MAN_016__modernize,shelley,modernize,validation
SHELLEY_THE_LAST_MAN_016__simplify,shelley,simplify,validation
SHELLEY_THE_LAST_MAN_017__original,shelley,original,validation
SHELLEY_THE_LAST_MAN_017__paraphrase,shelley,paraphrase,validation
SHELLEY_THE_LAST_MAN_017__modernize,shelley,modernize,validation
SHELLEY_THE_LAST_MAN_017__simplify,shelley,simplify,validation
SHELLEY_THE_LAST_MAN_018__original,shelley,original,validation
SHELLEY_THE_LAST_MAN_018__paraphrase,shelley,paraphrase,validation
SHELLEY_THE_LAST_MAN_018__modernize,shelley,modernize,validation
SHELLEY_THE_LAST_MAN_018__simplify,shelley,simplify,validation
SHELLEY_THE_LAST_MAN_019__original,shelley,original,validation
SHELLEY_THE_LAST_MAN_019__paraphrase,shelley,paraphrase,validation
SHELLEY_THE_LAST_MAN_019__modernize,shelley,modernize,validation
SHELLEY_THE_LAST_MAN_019__simplify,shelley,simplify,validation
SHELLEY_THE_LAST_MAN_020__original,shelley,original,validation
SHELLEY_THE_LAST_MAN_020__paraphrase,shelley,paraphrase,validation
SHELLEY_THE_LAST_MAN_020__modernize,shelley,modernize,validation
SHELLEY_THE_LAST_MAN_020__simplify,shelley,simplify,validation
SHELLEY_THE_LAST_MAN_021__original,shelley,original,validation
SHELLEY_THE_LAST_MAN_021__paraphrase,shelley,paraphrase,validation
SHELLEY_THE_LAST_MAN_021__modernize,shelley,modernize,validation
SHELLEY_THE_LAST_MAN_021__simplify,shelley,simplify,validation
SHELLEY_THE_LAST_MAN_022__original,shelley,original,test
SHELLEY_THE_LAST_MAN_022__paraphrase,shelley,paraphrase,test
SHELLEY_THE_LAST_MAN_022__modernize,shelley,modernize,test
SHELLEY_THE_LAST_MAN_022__simplify,shelley,simplify,test
SHELLEY_THE_LAST_MAN_023__original,shelley,original,test
SHELLEY_THE_LAST_MAN_023__paraphrase,shelley,paraphrase,test
SHELLEY_THE_LAST_MAN_023__modernize,shelley,modernize,test
SHELLEY_THE_LAST_MAN_023__simplify,shelley,simplify,test
SHELLEY_THE_LAST_MAN_024__original,shelley,original,test
SHELLEY_THE_LAST_MAN_024__paraphrase,shelley,paraphrase,test
SHELLEY_THE_LAST_MAN_024__modernize,shelley,modernize,test
SHELLEY_THE_LAST_MAN_024__simplify,shelley,simplify,test
SHELLEY_THE_LAST_MAN_025__original,shelley,original,test
SHELLEY_THE_LAST_MAN_025__paraphrase,shelley,paraphrase,test
SHELLEY_THE_LAST_MAN_025__modernize,shelley,modernize,test
SHELLEY_THE_LAST_MAN_025__simplify,shelley,simplify,test
SHELLEY_THE_LAST_MAN_026__original,shelley,original,test
SHELLEY_THE_LAST_MAN_026__paraphrase,shelley,paraphrase,test
SHELLEY_THE_LAST_MAN_026__modernize,shelley,modernize,test
SHELLEY_THE_LAST_MAN_026__simplify,shelley,simplify,test
SHELLEY_THE_LAST_MAN_027__original,shelley,original,test
SHELLEY_THE_LAST_MAN_027__paraphrase,shelley,paraphrase,test
SHELLEY_THE_LAST_MAN_027__modernize,shelley,modernize,test
SHELLEY_THE_LAST_MAN_027__simplify,shelley,simplify,test
SHELLEY_THE_LAST_MAN_028__original,shelley,original,test
SHELLEY_THE_LAST_MAN_028__paraphrase,shelley,paraphrase,test
SHELLEY_THE_LAST_MAN_028__modernize,shelley,modernize,test
SHELLEY_THE_LAST_MAN_028__simplify,shelley,simplify,test
SHELLEY_THE_LAST_MAN_029__original,shelley,original,test
SHELLEY_THE_LAST_MAN_029__paraphrase,shelley,paraphrase,test
SHELLEY_THE_LAST_MAN_029__modernize,shelley,modernize,test
SHELLEY_THE_LAST_MAN_029__simplify,shelley,simplify,test
SHELLEY_THE_LAST_MAN_030__original,shelley,original,test
SHELLEY_THE_LAST_MAN_030__paraphrase,shelley,paraphrase,test
SHELLEY_THE_LAST_MAN_030__modernize,shelley,modernize,test
SHELLEY_THE_LAST_MAN_030__simplify,shelley,simplify,test
TWAIN_HUCKLEBERRY_FINN_001__original,twain,original,train
TWAIN_HUCKLEBERRY_FINN_001__paraphrase,twain,paraphrase,train
TWAIN_HUCKLEBERRY_FINN_001__modernize,twain,modernize,train
TWAIN_HUCKLEBERRY_FINN_001__simplify,twain,simplify,train
TWAIN_HUCKLEBERRY_FINN_002__original,twain,original,train
TWAIN_HUCKLEBERRY_FINN_002__paraphrase,twain,paraphrase,train
TWAIN_HUCKLEBERRY_FINN_002__modernize,twain,modernize,train
TWAIN_HUCKLEBERRY_FINN_002__simplify,twain,simplify,train
TWAIN_HUCKLEBERRY_FINN_003__original,twain,original,train
TWAIN_HUCKLEBERRY_FINN_003__paraphrase,twain,paraphrase,train
TWAIN_HUCKLEBERRY_FINN_003__modernize,twain,modernize,train
TWAIN_HUCKLEBERRY_FINN_003__simplify,twain,simplify,train
TWAIN_HUCKLEBERRY_FINN_004__original,twain,original,train
TWAIN_HUCKLEBERRY_FINN_004__paraphrase,twain,paraphrase,train
TWAIN_HUCKLEBERRY_FINN_004__modernize,twain,modernize,train
TWAIN_HUCKLEBERRY_FINN_004__simplify,twain,simplify,train
TWAIN_HUCKLEBERRY_FINN_005__original,twain,original,train
TWAIN_HUCKLEBERRY_FINN_005__paraphrase,twain,paraphrase,train
TWAIN_HUCKLEBERRY_FINN_005__modernize,twain,modernize,train
TWAIN_HUCKLEBERRY_FINN_005__simplify,twain,simplify,train
TWAIN_HUCKLEBERRY_FINN_006__original,twain,original,train
TWAIN_HUCKLEBERRY_FINN_006__paraphrase,twain,paraphrase,train
TWAIN_HUCKLEBERRY_FINN_006__modernize,twain,modernize,train
TWAIN_HUCKLEBERRY_FINN_006__simplify,twain,simplify,train
TWAIN_HUCKLEBERRY_FINN_007__original,twain,original,train
TWAIN_HUCKLEBERRY_FINN_007__paraphrase,twain,paraphrase,train
TWAIN_HUCKLEBERRY_FINN_007__modernize,twain,modernize,train
TWAIN_HUCKLEBERRY_FINN_007__simplify,twain,simplify,train
TWAIN_HUCKLEBERRY_FINN_008__original,twain,original,train
TWAIN_HUCKLEBERRY_FINN_008__paraphrase,twain,paraphrase,train
TWAIN_HUCKLEBERRY_FINN_008__modernize,twain,modernize,train
TWAIN_HUCKLEBERRY_FINN_008__simplify,twain,simplify,train
TWAIN_HUCKLEBERRY_FINN_009__original,twain,original,train
TWAIN_HUCKLEBERRY_FINN_009__paraphrase,twain,paraphrase,train
TWAIN_HUCKLEBERRY_FINN_009__modernize,twain,modernize,train
TWAIN_HUCKLEBERRY_FINN_009__simplify,twain,simplify,train
TWAIN_HUCKLEBERRY_FINN_010__original,twain,original,train
TWAIN_HUCKLEBERRY_FINN_010__paraphrase,twain,paraphrase,train
TWAIN_HUCKLEBERRY_FINN_010__modernize,twain,modernize,train
TWAIN_HUCKLEBERRY_FINN_010__simplify,twain,simplify,train
TWAIN_HUCKLEBERRY_FINN_011__original,twain,original,train
TWAIN_HUCKLEBERRY_FINN_011__paraphrase,twain,paraphrase,train
TWAIN_HUCKLEBERRY_FINN_011__modernize,twain,modernize,train
TWAIN_HUCKLEBERRY_FINN_011__simplify,twain,simplify,train
TWAIN_HUCKLEBERRY_FINN_012__original,twain,original,train
TWAIN_HUCKLEBERRY_FINN_012__paraphrase,twain,paraphrase,train
TWAIN_HUCKLEBERRY_FINN_012__modernize,twain,modernize,train
TWAIN_HUCKLEBERRY_FINN_012__simplify,twain,simplify,train
TWAIN_HUCKLEBERRY_FINN_013__original,twain,original,train
TWAIN_HUCKLEBERRY_FINN_013__paraphrase,twain,paraphrase,train
TWAIN_HUCKLEBERRY_FINN_013__modernize,twain,modernize,train
TWAIN_HUCKLEBERRY_FINN_013__simplify,twain,simplify,train
TWAIN_HUCKLEBERRY_FINN_014__original,twain,original,train
TWAIN_HUCKLEBERRY_FINN_014__paraphrase,twain,paraphrase,train
TWAIN_HUCKLEBERRY_FINN_014__modernize,twain,modernize,train
TWAIN_HUCKLEBERRY_FINN_014__simplify,twain,simplify,train
TWAIN_HUCKLEBERRY_FINN_015__original,twain,original,train
TWAIN_HUCKLEBERRY_FINN_015__paraphrase,twain,paraphrase,train
TWAIN_HUCKLEBERRY_FINN_015__modernize,twain,modernize,train
TWAIN_HUCKLEBERRY_FINN_015__simplify,twain,simplify,train
TWAIN_HUCKLEBERRY_FINN_016__original,twain,original,train
TWAIN_HUCKLEBERRY_FINN_016__paraphrase,twain,paraphrase,train
TWAIN_HUCKLEBERRY_FINN_016__modernize,twain,modernize,train
TWAIN_HUCKLEBERRY_FINN_016__simplify,twain,simplify,train
TWAIN_HUCKLEBERRY_FINN_017__original,twain,original,train
TWAIN_HUCKLEBERRY_FINN_017__paraphrase,twain,paraphrase,train
TWAIN_HUCKLEBERRY_FINN_017__modernize,twain,modernize,train
TWAIN_HUCKLEBERRY_FINN_017__simplify,twain,simplify,train
TWAIN_HUCKLEBERRY_FINN_018__original,twain,original,train
TWAIN_HUCKLEBERRY_FINN_018__paraphrase,twain,paraphrase,train
TWAIN_HUCKLEBERRY_FINN_018__modernize,twain,modernize,train
TWAIN_HUCKLEBERRY_FINN_018__simplify,twain,simplify,train
TWAIN_HUCKLEBERRY_FINN_019__original,twain,original,train
TWAIN_HUCKLEBERRY_FINN_019__paraphrase,twain,paraphrase,train
TWAIN_HUCKLEBERRY_FINN_019__modernize,twain,modernize,train
TWAIN_HUCKLEBERRY_FINN_019__simplify,twain,simplify,train
TWAIN_HUCKLEBERRY_FINN_020__original,twain,original,train
TWAIN_HUCKLEBERRY_FINN_020__paraphrase,twain,paraphrase,train
TWAIN_HUCKLEBERRY_FINN_020__modernize,twain,modernize,train
TWAIN_HUCKLEBERRY_FINN_020__simplify,twain,simplify,train
TWAIN_HUCKLEBERRY_FINN_021__original,twain,original,train
TWAIN_HUCKLEBERRY_FINN_021__paraphrase,twain,paraphrase,train
TWAIN_HUCKLEBERRY_FINN_021__modernize,twain,modernize,train
TWAIN_HUCKLEBERRY_FINN_021__simplify,twain,simplify,train
TWAIN_HUCKLEBERRY_FINN_022__original,twain,original,train
TWAIN_HUCKLEBERRY_FINN_022__paraphrase,twain,paraphrase,train
TWAIN_HUCKLEBERRY_FINN_022__modernize,twain,modernize,train
TWAIN_HUCKLEBERRY_FINN_022__simplify,twain,simplify,train
TWAIN_HUCKLEBERRY_FINN_023__original,twain,original,train
TWAIN_HUCKLEBERRY_FINN_023__paraphrase,twain,paraphrase,train
TWAIN_HUCKLEBERRY_FINN_023__modernize,twain,modernize,train
TWAIN_HUCKLEBERRY_FINN_023__simplify,twain,simplify,train
TWAIN_HUCKLEBERRY_FINN_024__original,twain,original,train
TWAIN_HUCKLEBERRY_FINN_024__paraphrase,twain,paraphrase,train
TWAIN_HUCKLEBERRY_FINN_024__modernize,twain,modernize,train
TWAIN_HUCKLEBERRY_FINN_024__simplify,twain,simplify,train
TWAIN_HUCKLEBERRY_FINN_025__original,twain,original,train
TWAIN_HUCKLEBERRY_FINN_025__paraphrase,twain,paraphrase,train
TWAIN_HUCKLEBERRY_FINN_025__modernize,twain,modernize,train
TWAIN_HUCKLEBERRY_FINN_025__simplify,twain,simplify,train
TWAIN_HUCKLEBERRY_FINN_026__original,twain,original,train
TWAIN_HUCKLEBERRY_FINN_026__paraphrase,twain,paraphrase,train
TWAIN_HUCKLEBERRY_FINN_026__modernize,twain,modernize,train
TWAIN_HUCKLEBERRY_FINN_026__simplify,twain,simplify,train
TWAIN_HUCKLEBERRY_FINN_027__original,twain,original,train
TWAIN_HUCKLEBERRY_FINN_027__paraphrase,twain,paraphrase,train
TWAIN_HUCKLEBERRY_FINN_027__modernize,twain,modernize,train
TWAIN_HUCKLEBERRY_FINN_027__simplify,twain,simplify,train
TWAIN_HUCKLEBERRY_FINN_028__original,twain,original,train
TWAIN_HUCKLEBERRY_FINN_028__paraphrase,twain,paraphrase,train
TWAIN_HUCKLEBERRY_FINN_028__modernize,twain,modernize,train
TWAIN_HUCKLEBERRY_FINN_028__simplify,twain,simplify,train
TWAIN_HUCKLEBERRY_FINN_029__original,twain,original,train
TWAIN_HUCKLEBERRY_FINN_029__paraphrase,twain,paraphrase,train
TWAIN_HUCKLEBERRY_FINN_029__modernize,twain,modernize,train
TWAIN_HUCKLEBERRY_FINN_029__simplify,twain,simplify,train
TWAIN_HUCKLEBERRY_FINN_030__original,twain,original,train
TWAIN_HUCKLEBERRY_FINN_030__paraphrase,twain,paraphrase,train
TWAIN_HUCKLEBERRY_FINN_030__modernize,twain,modernize,train
TWAIN_HUCKLEBERRY_FINN_030__simplify,twain,simplify,train
TWAIN_TOM_SAWYER_001__original,twain,original,train
TWAIN_TOM_SAWYER_001__paraphrase,twain,paraphrase,train
TWAIN_TOM_SAWYER_001__modernize,twain,modernize,train
TWAIN_TOM_SAWYER_001__simplify,twain,simplify,train
TWAIN_TOM_SAWYER_002__original,twain,original,train
TWAIN_TOM_SAWYER_002__paraphrase,twain,paraphrase,train
TWAIN_TOM_SAWYER_002__modernize,twain,modernize,train
TWAIN_TOM_SAWYER_002__simplify,twain,simplify,train
TWAIN_TOM_SAWYER_003__original,twain,original,train
TWAIN_TOM_SAWYER_003__paraphrase,twain,paraphrase,train
TWAIN_TOM_SAWYER_003__modernize,twain,modernize,train
TWAIN_TOM_SAWYER_003__simplify,twain,simplify,train
TWAIN_TOM_SAWYER_004__original,twain,original,train
TWAIN_TOM_SAWYER_004__paraphrase,twain,paraphrase,train
TWAIN_TOM_SAWYER_004__modernize,twain,modernize,train
TWAIN_TOM_SAWYER_004__simplify,twain,simplify,train
TWAIN_TOM_SAWYER_005__original,twain,original,train
TWAIN_TOM_SAWYER_005__paraphrase,twain,paraphrase,train
TWAIN_TOM_SAWYER_005__modernize,twain,modernize,train
TWAIN_TOM_SAWYER_005__simplify,twain,simplify,train
TWAIN_TOM_SAWYER_006__original,twain,original,train
TWAIN_TOM_SAWYER_006__paraphrase,twain,paraphrase,train
TWAIN_TOM_SAWYER_006__modernize,twain,modernize,train
TWAIN_TOM_SAWYER_006__simplify,twain,simplify,train
TWAIN_TOM_SAWYER_007__original,twain,original,train
TWAIN_TOM_SAWYER_007__paraphrase,twain,paraphrase,train
TWAIN_TOM_SAWYER_007__modernize,twain,modernize,train
TWAIN_TOM_SAWYER_007__simplify,twain,simplify,train
TWAIN_TOM_SAWYER_008__original,twain,original,train
TWAIN_TOM_SAWYER_008__paraphrase,twain,paraphrase,train
TWAIN_TOM_SAWYER_008__modernize,twain,modernize,train
TWAIN_TOM_SAWYER_008__simplify,twain,simplify,train
TWAIN_TOM_SAWYER_009__original,twain,original,train
TWAIN_TOM_SAWYER_009__paraphrase,twain,paraphrase,train
TWAIN_TOM_SAWYER_009__modernize,twain,modernize,train
TWAIN_TOM_SAWYER_009__simplify,twain,simplify,train
TWAIN_TOM_SAWYER_010__original,twain,original,train
TWAIN_TOM_SAWYER_010__paraphrase,twain,paraphrase,train
TWAIN_TOM_SAWYER_010__modernize,twain,modernize,train
TWAIN_TOM_SAWYER_010__simplify,twain,simplify,train
TWAIN_TOM_SAWYER_011__original,twain,original,train
TWAIN_TOM_SAWYER_011__paraphrase,twain,paraphrase,train
TWAIN_TOM_SAWYER_011__modernize,twain,modernize,train
TWAIN_TOM_SAWYER_011__simplify,twain,simplify,train
TWAIN_TOM_SAWYER_012__original,twain,original,train
TWAIN_TOM_SAWYER_012__paraphrase,twain,paraphrase,train
TWAIN_TOM_SAWYER_012__modernize,twain,modernize,train
TWAIN_TOM_SAWYER_012__simplify,twain,simplify,train
TWAIN_TOM_SAWYER_013__original,twain,original,validation
TWAIN_TOM_SAWYER_013__paraphrase,twain,paraphrase,validation
TWAIN_TOM_SAWYER_013__modernize,twain,modernize,validation
TWAIN_TOM_SAWYER_013__simplify,twain,simplify,validation
TWAIN_TOM_SAWYER_014__original,twain,original,validation
TWAIN_TOM_SAWYER_014__paraphrase,twain,paraphrase,validation
TWAIN_TOM_SAWYER_014__modernize,twain,modernize,validation
TWAIN_TOM_SAWYER_014__simplify,twain,simplify,validation
TWAIN_TOM_SAWYER_015__original,twain,original,validation
TWAIN_TOM_SAWYER_015__paraphrase,twain,paraphrase,validation
TWAIN_TOM_SAWYER_015__modernize,twain,modernize,validation
TWAIN_TOM_SAWYER_015__simplify,twain,simplify,validation
TWAIN_TOM_SAWYER_016__original,twain,original,validation
TWAIN_TOM_SAWYER_016__paraphrase,twain,paraphrase,validation
TWAIN_TOM_SAWYER_016__modernize,twain,modernize,validation
TWAIN_TOM_SAWYER_016__simplify,twain,simplify,validation
TWAIN_TOM_SAWYER_017__original,twain,original,validation
TWAIN_TOM_SAWYER_017__paraphrase,twain,paraphrase,validation
TWAIN_TOM_SAWYER_017__modernize,twain,modernize,validation
TWAIN_TOM_SAWYER_017__simplify,twain,simplify,validation
TWAIN_TOM_SAWYER_018__original,twain,original,validation
TWAIN_TOM_SAWYER_018__paraphrase,twain,paraphrase,validation
TWAIN_TOM_SAWYER_018__modernize,twain,modernize,validation
TWAIN_TOM_SAWYER_018__simplify,twain,simplify,validation
TWAIN_TOM_SAWYER_019__original,twain,original,validation
TWAIN_TOM_SAWYER_019__paraphrase,twain,paraphrase,validation
TWAIN_TOM_SAWYER_019__modernize,twain,modernize,validation
TWAIN_TOM_SAWYER_019__simplify,twain,simplify,validation
TWAIN_TOM_SAWYER_020__original,twain,original,validation
TWAIN_TOM_SAWYER_020__paraphrase,twain,paraphrase,validation
TWAIN_TOM_SAWYER_020__modernize,twain,modernize,validation
TWAIN_TOM_SAWYER_020__simplify,twain,simplify,validation
TWAIN_TOM_SAWYER_021__original,twain,original,validation
TWAIN_TOM_SAWYER_021__paraphrase,twain,paraphrase,validation
TWAIN_TOM_SAWYER_021__modernize,twain,modernize,validation
TWAIN_TOM_SAWYER_021__simplify,twain,simplify,validation
TWAIN_TOM_SAWYER_022__original,twain,original,test
TWAIN_TOM_SAWYER_022__paraphrase,twain,paraphrase,test
TWAIN_TOM_SAWYER_022__modernize,twain,modernize,test
TWAIN_TOM_SAWYER_022__simplify,twain,simplify,test
TWAIN_TOM_SAWYER_023__original,twain,original,test
TWAIN_TOM_SAWYER_023__paraphrase,twain,paraphrase,test
TWAIN_TOM_SAWYER_023__modernize,twain,modernize,test
TWAIN_TOM_SAWYER_023__simplify,twain,simplify,test
TWAIN_TOM_SAWYER_024__original,twain,original,test
TWAIN_TOM_SAWYER_024__paraphrase,twain,paraphrase,test
TWAIN_TOM_SAWYER_024__modernize,twain,modernize,test
TWAIN_TOM_SAWYER_024__simplify,twain,simplify,test
TWAIN_TOM_SAWYER_025__original,twain,original,test
TWAIN_TOM_SAWYER_025__paraphrase,twain,paraphrase,test
TWAIN_TOM_SAWYER_025__modernize,twain,modernize,test
TWAIN_TOM_SAWYER_025__simplify,twain,simplify,test
TWAIN_TOM_SAWYER_026__original,twain,original,test
TWAIN_TOM_SAWYER_026__paraphrase,twain,paraphrase,test
TWAIN_TOM_SAWYER_026__modernize,twain,modernize,test
TWAIN_TOM_SAWYER_026__simplify,twain,simplify,test
TWAIN_TOM_SAWYER_027__original,twain,original,test
TWAIN_TOM_SAWYER_027__paraphrase,twain,paraphrase,test
TWAIN_TOM_SAWYER_027__modernize,twain,modernize,test
TWAIN_TOM_SAWYER_027__simplify,twain,simplify,test
TWAIN_TOM_SAWYER_028__original,twain,original,test
TWAIN_TOM_SAWYER_028__paraphrase,twain,paraphrase,test
TWAIN_TOM_SAWYER_028__modernize,twain,modernize,test
TWAIN_TOM_SAWYER_028__simplify,twain,simplify,test
TWAIN_TOM_SAWYER_029__original,twain,original,test
TWAIN_TOM_SAWYER_029__paraphrase,twain,paraphrase,test
TWAIN_TOM_SAWYER_029__modernize,twain,modernize,test
TWAIN_TOM_SAWYER_029__simplify,twain,simplify,test
TWAIN_TOM_SAWYER_030__original,twain,original,test
TWAIN_TOM_SAWYER_030__paraphrase,twain,paraphrase,test
TWAIN_TOM_SAWYER_030__modernize,twain,modernize,test
TWAIN_TOM_SAWYER_030__simplify,twain,simplify,test
WILDE_DORIAN_GRAY_001__original,wilde,original,train
WILDE_DORIAN_GRAY_001__paraphrase,wilde,paraphrase,train
WILDE_DORIAN_GRAY_001__modernize,wilde,modernize,train
WILDE_DORIAN_GRAY_001__simplify,wilde,simplify,train
WILDE_DORIAN_GRAY_002__original,wilde,original,train
WILDE_DORIAN_GRAY_002__paraphrase,wilde,paraphrase,train
WILDE_DORIAN_GRAY_002__modernize,wilde,modernize,train
WILDE_DORIAN_GRAY_002__simplify,wilde,simplify,train
WILDE_DORIAN_GRAY_003__original,wilde,original,train
WILDE_DORIAN_GRAY_003__paraphrase,wilde,paraphrase,train
WILDE_DORIAN_GRAY_003__modernize,wilde,modernize,train
WILDE_DORIAN_GRAY_003__simplify,wilde,simplify,train
WILDE_DORIAN_GRAY_004__original,wilde,original,train
WILDE_DORIAN_GRAY_004__paraphrase,wilde,paraphrase,train
WILDE_DORIAN_GRAY_004__modernize,wilde,modernize,train
WILDE_DORIAN_GRAY_004__simplify,wilde,simplify,train
WILDE_DORIAN_GRAY_005__original,wilde,original,train
WILDE_DORIAN_GRAY_005__paraphrase,wilde,paraphrase,train
WILDE_DORIAN_GRAY_005__modernize,wilde,modernize,train
WILDE_DORIAN_GRAY_005__simplify,wilde,simplify,train
WILDE_DORIAN_GRAY_006__original,wilde,original,train
WILDE_DORIAN_GRAY_006__paraphrase,wilde,paraphrase,train
WILDE_DORIAN_GRAY_006__modernize,wilde,modernize,train
WILDE_DORIAN_GRAY_006__simplify,wilde,simplify,train
WILDE_DORIAN_GRAY_007__original,wilde,original,train
WILDE_DORIAN_GRAY_007__paraphrase,wilde,paraphrase,train
WILDE_DORIAN_GRAY_007__modernize,wilde,modernize,train
WILDE_DORIAN_GRAY_007__simplify,wilde,simplify,train
WILDE_DORIAN_GRAY_008__original,wilde,original,train
WILDE_DORIAN_GRAY_008__paraphrase,wilde,paraphrase,train
WILDE_DORIAN_GRAY_008__modernize,wilde,modernize,train
WILDE_DORIAN_GRAY_008__simplify,wilde,simplify,train
WILDE_DORIAN_GRAY_009__original,wilde,original,train
WILDE_DORIAN_GRAY_009__paraphrase,wilde,paraphrase,train
WILDE_DORIAN_GRAY_009__modernize,wilde,modernize,train
WILDE_DORIAN_GRAY_009__simplify,wilde,simplify,train
WILDE_DORIAN_GRAY_010__original,wilde,original,train
WILDE_DORIAN_GRAY_010__paraphrase,wilde,paraphrase,train
WILDE_DORIAN_GRAY_010__modernize,wilde,modernize,train
WILDE_DORIAN_GRAY_010__simplify,wilde,simplify,train
WILDE_DORIAN_GRAY_011__original,wilde,original,train
WILDE_DORIAN_GRAY_011__paraphrase,wilde,paraphrase,train
WILDE_DORIAN_GRAY_011__modernize,wilde,modernize,train
WILDE_DORIAN_GRAY_011__simplify,wilde,simplify,train
WILDE_DORIAN_GRAY_012__original,wilde,original,train
WILDE_DORIAN_GRAY_012__paraphrase,wilde,paraphrase,train
WILDE_DORIAN_GRAY_012__modernize,wilde,modernize,train
WILDE_DORIAN_GRAY_012__simplify,wilde,simplify,train
WILDE_DORIAN_GRAY_013__original,wilde,original,train
WILDE_DORIAN_GRAY_013__paraphrase,wilde,paraphrase,train
WILDE_DORIAN_GRAY_013__modernize,wilde,modernize,train
WILDE_DORIAN_GRAY_013__simplify,wilde,simplify,train
WILDE_DORIAN_GRAY_014__original,wilde,original,train
WILDE_DORIAN_GRAY_014__paraphrase,wilde,paraphrase,train
WILDE_DORIAN_GRAY_014__modernize,wilde,modernize,train
WILDE_DORIAN_GRAY_014__simplify,wilde,simplify,train
WILDE_DORIAN_GRAY_015__original,wilde,original,train
WILDE_DORIAN_GRAY_015__paraphrase,wilde,paraphrase,train
WILDE_DORIAN_GRAY_015__modernize,wilde,modernize,train
WILDE_DORIAN_GRAY_015__simplify,wilde,simplify,train
WILDE_DORIAN_GRAY_016__original,wilde,original,train
WILDE_DORIAN_GRAY_016__paraphrase,wilde,paraphrase,train
WILDE_DORIAN_GRAY_016__modernize,wilde,modernize,train
WILDE_DORIAN_GRAY_016__simplify,wilde,simplify,train
WILDE_DORIAN_GRAY_017__original,wilde,original,train
WILDE_DORIAN_GRAY_017__paraphrase,wilde,paraphrase,train
WILDE_DORIAN_GRAY_017__modernize,wilde,modernize,train
WILDE_DORIAN_GRAY_017__simplify,wilde,simplify,train
WILDE_DORIAN_GRAY_018__original,wilde,original,train
WILDE_DORIAN_GRAY_018__paraphrase,wilde,paraphrase,train
WILDE_DORIAN_GRAY_018__modernize,wilde,modernize,train
WILDE_DORIAN_GRAY_018__simplify,wilde,simplify,train
WILDE_DORIAN_GRAY_019__original,wilde,original,train
WILDE_DORIAN_GRAY_019__paraphrase,wilde,paraphrase,train
WILDE_DORIAN_GRAY_019__modernize,wilde,modernize,train
WILDE_DORIAN_GRAY_019__simplify,wilde,simplify,train
WILDE_DORIAN_GRAY_020__original,wilde,original,train
WILDE_DORIAN_GRAY_020__paraphrase,wilde,paraphrase,train
WILDE_DORIAN_GRAY_020__modernize,wilde,modernize,train
WILDE_DORIAN_GRAY_020__simplify,wilde,simplify,train
WILDE_DORIAN_GRAY_021__original,wilde,original,train
WILDE_DORIAN_GRAY_021__paraphrase,wilde,paraphrase,train
WILDE_DORIAN_GRAY_021__modernize,wilde,modernize,train
WILDE_DORIAN_GRAY_021__simplify,wilde,simplify,train
WILDE_DORIAN_GRAY_022__original,wilde,original,train
WILDE_DORIAN_GRAY_022__paraphrase,wilde,paraphrase,train
WILDE_DORIAN_GRAY_022__modernize,wilde,modernize,train
WILDE_DORIAN_GRAY_022__simplify,wilde,simplify,train
WILDE_DORIAN_GRAY_023__original,wilde,original,train
WILDE_DORIAN_GRAY_023__paraphrase,wilde,paraphrase,train
WILDE_DORIAN_GRAY_023__modernize,wilde,modernize,train
WILDE_DORIAN_GRAY_023__simplify,wilde,simplify,train
WILDE_DORIAN_GRAY_024__original,wilde,original,train
WILDE_DORIAN_GRAY_024__paraphrase,wilde,paraphrase,train
WILDE_DORIAN_GRAY_024__modernize,wilde,modernize,train
WILDE_DORIAN_GRAY_024__simplify,wilde,simplify,train
WILDE_DORIAN_GRAY_025__original,wilde,original,train
WILDE_DORIAN_GRAY_025__paraphrase,wilde,paraphrase,train
WILDE_DORIAN_GRAY_025__modernize,wilde,modernize,train
WILDE_DORIAN_GRAY_025__simplify,wilde,simplify,train
WILDE_DORIAN_GRAY_026__original,wilde,original,train
WILDE_DORIAN_GRAY_026__paraphrase,wilde,paraphrase,train
WILDE_DORIAN_GRAY_026__modernize,wilde,modernize,train
WILDE_DORIAN_GRAY_026__simplify,wilde,simplify,train
WILDE_DORIAN_GRAY_027__original,wilde,original,train
WILDE_DORIAN_GRAY_027__paraphrase,wilde,paraphrase,train
WILDE_DORIAN_GRAY_027__modernize,wilde,modernize,train
WILDE_DORIAN_GRAY_027__simplify,wilde,simplify,train
WILDE_DORIAN_GRAY_028__original,wilde,original,train
WILDE_DORIAN_GRAY_028__paraphrase,wilde,paraphrase,train
WILDE_DORIAN_GRAY_028__modernize,wilde,modernize,train
WILDE_DORIAN_GRAY_028__simplify,wilde,simplify,train
WILDE_DORIAN_GRAY_029__original,wilde,original,train
WILDE_DORIAN_GRAY_029__paraphrase,wilde,paraphrase,train
WILDE_DORIAN_GRAY_029__modernize,wilde,modernize,train
WILDE_DORIAN_GRAY_029__simplify,wilde,simplify,train
WILDE_DORIAN_GRAY_030__original,wilde,original,train
WILDE_DORIAN_GRAY_030__paraphrase,wilde,paraphrase,train
WILDE_DORIAN_GRAY_030__modernize,wilde,modernize,train
WILDE_DORIAN_GRAY_030__simplify,wilde,simplify,train
WILDE_LORD_ARTHUR_STORIES_001__original,wilde,original,train
WILDE_LORD_ARTHUR_STORIES_001__paraphrase,wilde,paraphrase,train
WILDE_LORD_ARTHUR_STORIES_001__modernize,wilde,modernize,train
WILDE_LORD_ARTHUR_STORIES_001__simplify,wilde,simplify,train
WILDE_LORD_ARTHUR_STORIES_002__original,wilde,original,train
WILDE_LORD_ARTHUR_STORIES_002__paraphrase,wilde,paraphrase,train
WILDE_LORD_ARTHUR_STORIES_002__modernize,wilde,modernize,train
WILDE_LORD_ARTHUR_STORIES_002__simplify,wilde,simplify,train
WILDE_LORD_ARTHUR_STORIES_003__original,wilde,original,train
WILDE_LORD_ARTHUR_STORIES_003__paraphrase,wilde,paraphrase,train
WILDE_LORD_ARTHUR_STORIES_003__modernize,wilde,modernize,train
WILDE_LORD_ARTHUR_STORIES_003__simplify,wilde,simplify,train
WILDE_LORD_ARTHUR_STORIES_004__original,wilde,original,train
WILDE_LORD_ARTHUR_STORIES_004__paraphrase,wilde,paraphrase,train
WILDE_LORD_ARTHUR_STORIES_004__modernize,wilde,modernize,train
WILDE_LORD_ARTHUR_STORIES_004__simplify,wilde,simplify,train
WILDE_LORD_ARTHUR_STORIES_005__original,wilde,original,train
WILDE_LORD_ARTHUR_STORIES_005__paraphrase,wilde,paraphrase,train
WILDE_LORD_ARTHUR_STORIES_005__modernize,wilde,modernize,train
WILDE_LORD_ARTHUR_STORIES_005__simplify,wilde,simplify,train
WILDE_LORD_ARTHUR_STORIES_006__original,wilde,original,train
WILDE_LORD_ARTHUR_STORIES_006__paraphrase,wilde,paraphrase,train
WILDE_LORD_ARTHUR_STORIES_006__modernize,wilde,modernize,train
WILDE_LORD_ARTHUR_STORIES_006__simplify,wilde,simplify,train
WILDE_LORD_ARTHUR_STORIES_007__original,wilde,original,train
WILDE_LORD_ARTHUR_STORIES_007__paraphrase,wilde,paraphrase,train
WILDE_LORD_ARTHUR_STORIES_007__modernize,wilde,modernize,train
WILDE_LORD_ARTHUR_STORIES_007__simplify,wilde,simplify,train
WILDE_LORD_ARTHUR_STORIES_008__original,wilde,original,train
WILDE_LORD_ARTHUR_STORIES_008__paraphrase,wilde,paraphrase,train
WILDE_LORD_ARTHUR_STORIES_008__modernize,wilde,modernize,train
WILDE_LORD_ARTHUR_STORIES_008__simplify,wilde,simplify,train
WILDE_LORD_ARTHUR_STORIES_009__original,wilde,original,train
WILDE_LORD_ARTHUR_STORIES_009__paraphrase,wilde,paraphrase,train
WILDE_LORD_ARTHUR_STORIES_009__modernize,wilde,modernize,train
WILDE_LORD_ARTHUR_STORIES_009__simplify,wilde,simplify,train
WILDE_LORD_ARTHUR_STORIES_010__original,wilde,original,train
WILDE_LORD_ARTHUR_STORIES_010__paraphrase,wilde,paraphrase,train
WILDE_LORD_ARTHUR_STORIES_010__modernize,wilde,modernize,train
WILDE_LORD_ARTHUR_STORIES_010__simplify,wilde,simplify,train
WILDE_LORD_ARTHUR_STORIES_011__original,wilde,original,train
WILDE_LORD_ARTHUR_STORIES_011__paraphrase,wilde,paraphrase,train
WILDE_LORD_ARTHUR_STORIES_011__modernize,wilde,modernize,train
WILDE_LORD_ARTHUR_STORIES_011__simplify,wilde,simplify,train
WILDE_LORD_ARTHUR_STORIES_012__original,wilde,original,train
WILDE_LORD_ARTHUR_STORIES_012__paraphrase,wilde,paraphrase,train
WILDE_LORD_ARTHUR_STORIES_012__modernize,wilde,modernize,train
WILDE_LORD_ARTHUR_STORIES_012__simplify,wilde,simplify,train
WILDE_LORD_ARTHUR_STORIES_013__original,wilde,original,validation
WILDE_LORD_ARTHUR_STORIES_013__paraphrase,wilde,paraphrase,validation
WILDE_LORD_ARTHUR_STORIES_013__modernize,wilde,modernize,validation
WILDE_LORD_ARTHUR_STORIES_013__simplify,wilde,simplify,validation
WILDE_LORD_ARTHUR_STORIES_014__original,wilde,original,validation
WILDE_LORD_ARTHUR_STORIES_014__paraphrase,wilde,paraphrase,validation
WILDE_LORD_ARTHUR_STORIES_014__modernize,wilde,modernize,validation
WILDE_LORD_ARTHUR_STORIES_014__simplify,wilde,simplify,validation
WILDE_LORD_ARTHUR_STORIES_015__original,wilde,original,validation
WILDE_LORD_ARTHUR_STORIES_015__paraphrase,wilde,paraphrase,validation
WILDE_LORD_ARTHUR_STORIES_015__modernize,wilde,modernize,validation
WILDE_LORD_ARTHUR_STORIES_015__simplify,wilde,simplify,validation
WILDE_LORD_ARTHUR_STORIES_016__original,wilde,original,validation
WILDE_LORD_ARTHUR_STORIES_016__paraphrase,wilde,paraphrase,validation
WILDE_LORD_ARTHUR_STORIES_016__modernize,wilde,modernize,validation
WILDE_LORD_ARTHUR_STORIES_016__simplify,wilde,simplify,validation
WILDE_LORD_ARTHUR_STORIES_017__original,wilde,original,validation
WILDE_LORD_ARTHUR_STORIES_017__paraphrase,wilde,paraphrase,validation
WILDE_LORD_ARTHUR_STORIES_017__modernize,wilde,modernize,validation
WILDE_LORD_ARTHUR_STORIES_017__simplify,wilde,simplify,validation
WILDE_LORD_ARTHUR_STORIES_018__original,wilde,original,validation
WILDE_LORD_ARTHUR_STORIES_018__paraphrase,wilde,paraphrase,validation
WILDE_LORD_ARTHUR_STORIES_018__modernize,wilde,modernize,validation
WILDE_LORD_ARTHUR_STORIES_018__simplify,wilde,simplify,validation
WILDE_LORD_ARTHUR_STORIES_019__original,wilde,original,validation
WILDE_LORD_ARTHUR_STORIES_019__paraphrase,wilde,paraphrase,validation
WILDE_LORD_ARTHUR_STORIES_019__modernize,wilde,modernize,validation
WILDE_LORD_ARTHUR_STORIES_019__simplify,wilde,simplify,validation
WILDE_LORD_ARTHUR_STORIES_020__original,wilde,original,validation
WILDE_LORD_ARTHUR_STORIES_020__paraphrase,wilde,paraphrase,validation
WILDE_LORD_ARTHUR_STORIES_020__modernize,wilde,modernize,validation
WILDE_LORD_ARTHUR_STORIES_020__simplify,wilde,simplify,validation
WILDE_LORD_ARTHUR_STORIES_021__original,wilde,original,validation
WILDE_LORD_ARTHUR_STORIES_021__paraphrase,wilde,paraphrase,validation
WILDE_LORD_ARTHUR_STORIES_021__modernize,wilde,modernize,validation
WILDE_LORD_ARTHUR_STORIES_021__simplify,wilde,simplify,validation
WILDE_LORD_ARTHUR_STORIES_022__original,wilde,original,test
WILDE_LORD_ARTHUR_STORIES_022__paraphrase,wilde,paraphrase,test
WILDE_LORD_ARTHUR_STORIES_022__modernize,wilde,modernize,test
WILDE_LORD_ARTHUR_STORIES_022__simplify,wilde,simplify,test
WILDE_LORD_ARTHUR_STORIES_023__original,wilde,original,test
WILDE_LORD_ARTHUR_STORIES_023__paraphrase,wilde,paraphrase,test
WILDE_LORD_ARTHUR_STORIES_023__modernize,wilde,modernize,test
WILDE_LORD_ARTHUR_STORIES_023__simplify,wilde,simplify,test
WILDE_LORD_ARTHUR_STORIES_024__original,wilde,original,test
WILDE_LORD_ARTHUR_STORIES_024__paraphrase,wilde,paraphrase,test
WILDE_LORD_ARTHUR_STORIES_024__modernize,wilde,modernize,test
WILDE_LORD_ARTHUR_STORIES_024__simplify,wilde,simplify,test
WILDE_LORD_ARTHUR_STORIES_025__original,wilde,original,test
WILDE_LORD_ARTHUR_STORIES_025__paraphrase,wilde,paraphrase,test
WILDE_LORD_ARTHUR_STORIES_025__modernize,wilde,modernize,test
WILDE_LORD_ARTHUR_STORIES_025__simplify,wilde,simplify,test
WILDE_LORD_ARTHUR_STORIES_026__original,wilde,original,test
WILDE_LORD_ARTHUR_STORIES_026__paraphrase,wilde,paraphrase,test
WILDE_LORD_ARTHUR_STORIES_026__modernize,wilde,modernize,test
WILDE_LORD_ARTHUR_STORIES_026__simplify,wilde,simplify,test
WILDE_LORD_ARTHUR_STORIES_027__original,wilde,original,test
WILDE_LORD_ARTHUR_STORIES_027__paraphrase,wilde,paraphrase,test
WILDE_LORD_ARTHUR_STORIES_027__modernize,wilde,modernize,test
WILDE_LORD_ARTHUR_STORIES_027__simplify,wilde,simplify,test
WILDE_LORD_ARTHUR_STORIES_028__original,wilde,original,test
WILDE_LORD_ARTHUR_STORIES_028__paraphrase,wilde,paraphrase,test
WILDE_LORD_ARTHUR_STORIES_028__modernize,wilde,modernize,test
WILDE_LORD_ARTHUR_STORIES_028__simplify,wilde,simplify,test
WILDE_LORD_ARTHUR_STORIES_029__original,wilde,original,test
WILDE_LORD_ARTHUR_STORIES_029__paraphrase,wilde,paraphrase,test
WILDE_LORD_ARTHUR_STORIES_029__modernize,wilde,modernize,test
WILDE_LORD_ARTHUR_STORIES_029__simplify,wilde,simplify,test
WILDE_LORD_ARTHUR_STORIES_030__original,wilde,original,test
WILDE_LORD_ARTHUR_STORIES_030__paraphrase,wilde,paraphrase,test
WILDE_LORD_ARTHUR_STORIES_030__modernize,wilde,modernize,test
WILDE_LORD_ARTHUR_STORIES_030__simplify,wilde,simplify,test
